"Name","From","To","Ministers"
,,,
"Senator the Hon Amanda Vanstone",11/03/1996,09/10/1997,"Minister for Employment, Education, Training and Youth Affairs"
"Senator the Hon Amanda Vanstone",09/10/1997,21/10/1998,"Minister for Justice"
"Senator the Hon Amanda Vanstone",21/10/1998,30/01/2001,"Minister for Justice and Customs"
"Senator the Hon Amanda Vanstone",30/01/2001,07/10/2003,"Minister Assisting the Prime Minister for the Status of Women"
"Senator the Hon Amanda Vanstone",30/01/2001,07/10/2003,"Minister for Family and Community Services"
"Senator the Hon Amanda Vanstone",07/10/2003,21/10/2004,"Minister Assisting the Prime Minister for Reconciliation"
"Senator the Hon Amanda Vanstone",07/10/2003,27/01/2006,"Minister for Immigration and Multicultural and Indigenous Affairs"
"Senator the Hon Amanda Vanstone",22/10/2004,27/01/2006,"Minister Assisting the Prime Minister for Indigenous Affairs"
"Senator the Hon Amanda Vanstone",27/01/2006,30/01/2007,"Minister for Immigration and Multicultural Affairs"
"Senator the Hon Bill Heffernan",21/10/1998,26/11/2001,"Parliamentary Secretary to Cabinet"
"Senator the Hon Bill Heffernan",25/01/2002,19/03/2002,"Parliamentary Secretary to Cabinet"
"Senator the Hon Bob Carr",13/03/2012,18/09/2013,"Minister for Foreign Affairs"
"Senator the Hon Bob Woods",11/03/1996,03/02/1997,"Parliamentary Secretary to the Minister for Health and Family Services"
"Senator the Hon Brett Mason",21/03/2007,03/12/2007,"Parliamentary Secretary to the Minister for Health and Ageing"
"Senator the Hon Brian Gibson",11/03/1996,14/10/1996,"Parliamentary Secretary to the Treasurer"
"Senator the Hon Charles Kemp",11/03/1996,11/07/1997,"Manager of Government Business in the Senate"
"Senator the Hon Charles Kemp",11/03/1996,13/10/1996,"Parliamentary Secretary to the Minister for Social Security"
"Senator the Hon Charles Kemp",13/10/1996,26/11/2001,"Assistant Treasurer"
"Senator the Hon Charles Kemp",26/11/2001,30/01/2007,"Minister for the Arts and Sport"
"Senator the Hon Chris Ellison",21/10/1998,30/01/2001,"Special Minister of State"
"Senator the Hon Chris Ellison",30/01/2001,09/03/2007,"Minister for Justice and Customs"
"Senator the Hon Chris Ellison",22/10/2004,09/03/2007,"Manager of Government Business in the Senate "
"Senator the Hon Chris Ellison",09/03/2007,03/12/2007,"Minister for Human Services"
"Senator the Hon Chris Evans",03/12/2007,04/02/2013,"Leader of the Government in the Senate"
"Senator the Hon Chris Evans",03/12/2007,14/09/2010,"Minister for Immigration and Citizenship"
"Senator the Hon Chris Evans",14/09/2010,14/12/2011,"Minister for Tertiary Education, Skills, Jobs and Workplace Relations"
"Senator the Hon Chris Evans",14/12/2011,04/02/2013,"Minister for Tertiary Education, Skills, Science and Research"
"Senator the Hon Christopher Ellison",13/02/1997,11/07/1997,"Parliamentary Secretary to the Attorney-General"
"Senator the Hon Christopher Ellison",13/02/1997,11/07/1997,"Parliamentary Secretary to the Minister for Health and Family Services"
"Senator the Hon Christopher Ellison",11/07/1997,09/10/1997,"Minister Assisting the Attorney-General and Minister for Justice"
"Senator the Hon Christopher Ellison",11/07/1997,09/10/1997,"Minister for Customs and Consumer Affairs"
"Senator the Hon Christopher Ellison",09/10/1997,21/10/1998,"Minister for Schools, Vocational Education and Training"
"Senator the Hon David Albert Lloyd Johnston",09/03/2007,21/03/2007,"Minister for Justice and Customs"
"Senator the Hon David Brownhill",11/03/1996,09/10/1997,"Parliamentary Secretary to the Minister for Primary Industries and Energy"
"Senator the Hon David Brownhill",11/03/1996,21/10/1998,"Parliamentary Secretary to the Minister for Trade"
"Senator the Hon David Feeney",14/09/2010,18/09/2013,"Parliamentary Secretary for Defence"
"Senator the Hon David Johnston",21/03/2007,03/12/2007,"Minister for Justice and Customs"
"Senator the Hon Don Farrell",14/09/2010,25/03/2013,"Parliamentary Secretary for Sustainability and Urban Water"
"Senator the Hon Don Farrell",25/03/2013,01/07/2013,"Minister for Science and Research"
"Senator the Hon Don Farrell",25/03/2013,18/09/2013,"Minister Assisting on Tourism"
"Senator the Hon Don Farrell",01/07/2013,18/09/2013,"Minister for Sport"
"Senator the Hon Eric Abetz",21/10/1998,30/01/2001,"Parliamentary Secretary to the Minister for Defence"
"Senator the Hon Eric Abetz",30/01/2001,27/01/2006,"Special Minister of State"
"Senator the Hon Eric Abetz",27/01/2006,03/12/2007,"Minister for Fisheries, Forestry and Conservation"
"Senator the Hon Eric Abetz",09/03/2007,03/12/2007,"Manager of Government Business in the Senate"
"Senator the Hon George Brandis SC",30/01/2007,03/12/2007,"Minister for the Arts and Sport"
"Senator the Hon Grant Tambling",11/03/1996,13/10/1996,"Parliamentary Secretary to the Minister for Transport and Regional Development"
"Senator the Hon Grant Tambling",13/10/1996,21/10/1998,"Parliamentary Secretary to the Minister for Social Security"
"Senator the Hon Grant Tambling",21/10/1998,26/11/2001,"Parliamentary Secretary to the Minister for Health and Aged Care"
"Senator the Hon Helen Coonan",26/11/2001,18/07/2004,"Minister for Revenue and Assistant Treasurer"
"Senator the Hon Helen Coonan",18/07/2004,03/12/2007,"Minister for Communications, Information Technology and the Arts"
"Senator the Hon Helen Coonan",27/01/2006,03/12/2007,"Deputy Leader of the Government in the Senate"
"Senator the Hon Ian Campbell",11/03/1996,11/11/1996,"Parliamentary Secretary to the Minister for the Environment"
"Senator the Hon Ian Campbell",11/11/1996,21/10/1998,"Parliamentary Secretary to the Treasurer"
"Senator the Hon Ian Campbell",11/07/1997,21/10/2004,"Manager of Government Business in the Senate"
"Senator the Hon Ian Campbell",21/10/1998,26/11/2001,"Parliamentary Secretary to the Minister for Communications, Information Technology and the Arts"
"Senator the Hon Ian Campbell",26/11/2001,07/10/2003,"Parliamentary Secretary to the Treasurer"
"Senator the Hon Ian Campbell",07/10/2003,18/07/2004,"Minister for Local Government, Territories and Roads"
"Senator the Hon Ian Campbell",18/07/2004,30/01/2007,"Minister for the Environment and Heritage"
"Senator the Hon Ian Campbell",30/01/2007,09/03/2007,"Minister for Human Services"
"Senator the Hon Ian Macdonald",11/11/1996,21/10/1998,"Parliamentary Secretary to the Minister for the Environment"
"Senator the Hon Ian Macdonald",21/10/1998,26/11/2001,"Minister for Regional Services, Territories and Local Government"
"Senator the Hon Ian Macdonald",26/11/2001,14/11/2002,"Minister for Forestry and Conservation"
"Senator the Hon Ian Macdonald",15/11/2002,27/01/2006,"Minister for Fisheries, Forestry and Conservation"
"Senator the Hon Jacinta Collins",14/09/2010,18/09/2013,"Parliamentary Secretary for School Education and Workplace Relations"
"Senator the Hon Jacinta Collins",05/03/2012,18/09/2013,"Manager of Government Business in the Senate"
"Senator the Hon Jan McLucas",03/12/2007,09/06/2009,"Parliamentary Secretary to the Minister for Health and Ageing"
"Senator the Hon Jan McLucas",14/09/2010,25/03/2013,"Parliamentary Secretary for Disabilities and Carers"
"Senator the Hon Jan McLucas",05/03/2012,25/03/2013,"Parliamentary Secretary to the Prime Minister"
"Senator the Hon Jan McLucas",25/03/2013,18/09/2013,"Minister for Human Services"
"Senator the Hon Jim Short",11/03/1996,13/10/1996,"Assistant Treasurer"
"Senator the Hon Jocelyn Newman",11/03/1996,09/10/1997,"Minister Assisting the Prime Minister for the Status of Women"
"Senator the Hon Jocelyn Newman",11/03/1996,21/10/1998,"Minister for Social Security"
"Senator the Hon Jocelyn Newman",21/10/1998,30/01/2001,"Minister Assisting the Prime Minister for the Status of Women"
"Senator the Hon Jocelyn Newman",21/10/1998,30/01/2001,"Minister for Family and Community Services"
"Senator the Hon John Faulkner",03/12/2007,09/06/2009,"Cabinet Secretary"
"Senator the Hon John Faulkner",03/12/2007,09/06/2009,"Special Minister of State"
"Senator the Hon John Faulkner",03/12/2007,14/09/2010,"Vice-President of the Executive Council"
"Senator the Hon John Faulkner",09/06/2009,14/09/2010,"Minister for Defence"
"Senator the Hon John Herron",11/03/1996,30/01/2001,"Minister for Aboriginal and Torres Strait Islander Affairs"
"Senator the Hon John Macdonald",06/07/2005,27/01/2006,"Parliamentary Secretary Trade"
"Senator the Hon John Macdonald",27/01/2006,30/01/2007,"Parliamentary Secretary to the Minister for Defence"
"Senator the Hon Joseph Ludwig",03/12/2007,14/12/2011,"Manager of Government Business in the Senate"
"Senator the Hon Joseph Ludwig",03/12/2007,09/06/2009,"Minister for Human Services"
"Senator the Hon Joseph Ludwig",09/06/2009,14/09/2010,"Cabinet Secretary"
"Senator the Hon Joseph Ludwig",09/06/2009,14/09/2010,"Special Minister of State"
"Senator the Hon Joseph Ludwig",14/09/2010,26/06/2013,"Minister for Agriculture, Fisheries and Forestry"
"Senator the Hon Joseph Ludwig",26/01/2011,14/12/2011,"Minister Assisting the Attorney-General on Queensland Floods Recovery"
"Senator the Hon Joseph Ludwig",14/12/2011,26/06/2013,"Minister Assisting on Queensland Floods Recovery"
"Senator the Hon Judith Troeth",09/10/1997,21/10/1998,"Parliamentary Secretary to the Minister for Primary Industries and Energy"
"Senator the Hon Judith Troeth",21/10/1998,21/10/2004,"Parliamentary Secretary to the Minister for Agriculture, Fisheries and Forestry"
"Senator the Hon Kate Lundy",14/09/2010,21/02/2011,"Parliamentary Secretary for Immigration and Citizenship"
"Senator the Hon Kate Lundy",14/09/2010,05/03/2012,"Parliamentary Secretary to the Prime Minister"
"Senator the Hon Kate Lundy",03/03/2011,05/03/2012,"Parliamentary Secretary for Immigration and Multicultural Affairs"
"Senator the Hon Kate Lundy",05/03/2012,18/09/2013,"Minister Assisting for Industry and Innovation"
"Senator the Hon Kate Lundy",05/03/2012,01/07/2013,"Minister for Multicultural Affairs "
"Senator the Hon Kate Lundy",01/07/2013,18/09/2013,"Minister for Multicultural Affairs, Innovation and Industry"
"Senator the Hon Kate Lundy",01/07/2013,18/09/2013,"Minister Assisting for the Digital Economy"
"Senator the Hon Kate Lundy",05/03/2012,01/07/2013,"Minister for Sport "
"Senator the Hon Kay Patterson",21/10/1998,26/11/2001,"Parliamentary Secretary to the Minister for Immigration and Multicultural Affairs"
"Senator the Hon Kay Patterson",16/02/2000,26/11/2001,"Parliamentary Secretary to the Minister for Foreign Affairs"
"Senator the Hon Kay Patterson",26/11/2001,07/10/2003,"Minister for Health and Ageing"
"Senator the Hon Kay Patterson",07/10/2003,21/10/2004,"Minister Assisting the Prime Minister for the Status of Women"
"Senator the Hon Kay Patterson",07/10/2003,27/01/2006,"Minister for Family and Community Services "
"Senator the Hon Kay Patterson",22/10/2004,27/01/2006,"Minister Assisting the Prime Minister for Women's Issues "
"Senator the Hon Kim Carr",03/12/2007,14/12/2011,"Minister for Innovation, Industry, Science and Research"
"Senator the Hon Kim Carr",14/12/2011,05/03/2012,"Minister for Defence Materiel"
"Senator the Hon Kim Carr",14/12/2011,05/03/2012,"Minister for Manufacturing"
"Senator the Hon Kim Carr",05/03/2012,25/03/2013,"Minister for Human Services"
"Senator the Hon Kim Carr",01/07/2013,18/09/2013,"Minister for Innovation, Industry, Science and Research, Higher Education"
"Senator the Hon Mark Arbib",14/09/2010,14/12/2011,"Minister for Social Housing and Homelessness"
"Senator the Hon Mark Arbib",03/03/2011,14/12/2011,"Minister for Indigenous Employment and Economic Development"
"Senator the Hon Mark Arbib",03/03/2011,14/12/2011,"Minister for Social Housing and Homelessness"
"Senator the Hon Mark Arbib",03/03/2011,05/03/2012,"Minister for Sport"
"Senator the Hon Mark Arbib",14/12/2011,05/03/2012,"Assistant Treasurer"
"Senator the Hon Mark Arbib",14/12/2011,05/03/2012,"Manager of Government Business in the Senate"
"Senator the Hon Mark Arbib",14/12/2011,05/03/2012,"Minister for Small Business"
"Senator the Hon Matt Thistlethwaite",25/03/2013,18/09/2013,"Parliamentary Secretary for Multicultural Affairs"
"Senator the Hon Matt Thistlethwaite",25/03/2013,18/09/2013,"Parliamentary Secretary for Pacific Island Affairs"
"Senator the Hon Nick Minchin",11/03/1996,09/10/1997,"Parliamentary Secretary to the Prime Minister"
"Senator the Hon Nick Minchin",09/10/1997,21/10/1998,"Minister Assisting the Prime Minister"
"Senator the Hon Nick Minchin",09/10/1997,21/10/1998,"Special Minister of State"
"Senator the Hon Nick Minchin",21/10/1998,26/11/2001,"Minister for Industry, Science and Resources"
"Senator the Hon Nick Minchin",26/11/2001,03/12/2007,"Minister for Finance and Administration"
"Senator the Hon Nick Minchin",07/10/2003,27/01/2006,"Deputy Leader of the Government in the Senate"
"Senator the Hon Nick Minchin",18/07/2004,03/12/2007,"Vice-President of the Executive Council"
"Senator the Hon Nick Minchin",27/01/2006,03/12/2007,"Leader of the Government in the Senate"
"Senator the Hon Nick Sherry",03/12/2007,09/06/2009,"Minister for Superannuation and Corporate Law"
"Senator the Hon Nick Sherry",09/06/2009,14/09/2010,"Assistant Treasurer"
"Senator the Hon Nick Sherry",14/09/2010,26/01/2011,"Minister Assisting on Deregulation"
"Senator the Hon Nick Sherry",14/09/2010,14/12/2011,"Minister Assisting the Minister for Tourism"
"Senator the Hon Nick Sherry",14/09/2010,14/12/2011,"Minister for Small Business"
"Senator the Hon Nick Sherry",26/01/2011,14/12/2011,"Minister Assisting on Deregulation and Public Sector Superannuation"
"Senator the Hon Nigel Scullion",30/01/2007,03/12/2007,"Minister for Community Services"
"Senator the Hon Penny Wong",03/12/2007,14/09/2010,"Minister for Climate Change and Water"
"Senator the Hon Penny Wong",14/09/2010,18/09/2013,"Minister for Finance and Deregulation"
"Senator the Hon Penny Wong",04/02/2013,26/06/2013,"Deputy Leader of the Government in the Senate"
"Senator the Hon Penny Wong",26/06/2013,18/09/2013,"Leader of the Government in the Senate"
"Senator the Hon Richard Alston",11/03/1996,07/10/2003,"Deputy Leader of the Government in the Senate"
"Senator the Hon Richard Alston",11/03/1996,09/10/1997,"Minister for Communications and the Arts"
"Senator the Hon Richard Alston",09/10/1997,21/10/1998,"Minister for Communications, the Information Economy and the Arts"
"Senator the Hon Richard Alston",21/10/1998,07/10/2003,"Minister for Communications, Information Technology and the Arts"
"Senator the Hon Richard Colbeck",22/10/2004,27/01/2006,"Parliamentary Secretary to the Minister for Agriculture, Fisheries and Forestry"
"Senator the Hon Richard Colbeck",27/01/2006,03/12/2007,"Parliamentary Secretary to the Minister for Finance and Administration"
"Senator the Hon Robert Hill",11/03/1996,27/01/2006,"Leader of the Government in the Senate"
"Senator the Hon Robert Hill",11/03/1996,21/10/1998,"Minister for the Environment"
"Senator the Hon Robert Hill",21/10/1998,26/11/2001,"Minister for the Environment and Heritage"
"Senator the Hon Robert Hill",26/11/2001,27/01/2006,"Minister for Defence"
"Senator the Hon Ron Boswell",20/07/1999,07/10/2003,"Parliamentary Secretary to the Minister for Transport and Regional Services"
"Senator the Hon Santo Santoro",27/01/2006,21/03/2007,"Minister for Ageing"
"Senator the Hon Stephen Conroy",03/12/2007,04/02/2013,"Deputy Leader of the Government in the Senate"
"Senator the Hon Stephen Conroy",03/12/2007,26/06/2013,"Minister for Broadband, Communications and the Digital Economy"
"Senator the Hon Stephen Conroy",14/09/2010,26/06/2013,"Minister Assisting the Prime Minister on Digital Productivity"
"Senator the Hon Stephen Conroy",04/02/2013,26/06/2013,"Leader of the Government in the Senate"
"Senator the Hon Ursula Stephens",03/12/2007,09/06/2009,"Parliamentary Secretary Assisting the Prime Minister for Social Inclusion"
"Senator the Hon Ursula Stephens",03/12/2007,14/09/2010,"Parliamentary Secretary for Social Inclusion and the Voluntary Sector"
"Senator the Hon Warwick Parer",11/03/1996,21/10/1998,"Minister for Resources and Energy"
"Senator the Hon. Mark Arbib",25/02/2009,09/06/2009,"Parliamentary Secretary for Government Service Delivery"
"Senator the Hon. Mark Arbib",09/06/2009,14/09/2010,"Minister Assisting the Prime Minister for Government Service Delivery"
"Senator the Hon. Mark Arbib",09/06/2009,14/09/2010,"Minister for Employment Participation"
"Senator the Hon. Mark Arbib",14/09/2010,14/12/2011,"Minister for Indigenous Employment and Economic Development"
"Senator the Hon. Mark Arbib",14/09/2010,05/03/2012,"Minister for Sport"
"The Hon Alan Cadman",11/07/1997,21/10/1998,"Parliamentary Secretary to the Minister for Workplace Relations and Small Business"
"The Hon Alan Griffin MP",03/12/2007,14/09/2010,"Minister for Veterans' Affairs"
"The Hon Alex Somlyay",09/10/1997,21/10/1998,"Minister for Regional Development, Territories and Local Government"
"The Hon Alexander Downer MP",13/10/1996,03/12/2007,"Minister for Foreign Affairs"
"The Hon Amanda Rishworth MP",25/03/2013,18/09/2013,"Parliamentary Secretary for Disabilities and Carers"
"The Hon Amanda Rishworth MP",25/03/2013,18/09/2013,"Parliamentary Secretary for Sustainability and Urban Water"
"The Hon Andrew Leigh MP",25/03/2013,18/09/2013,"Parliamentary Secretary to the Prime Minister"
"The Hon Andrew Robb",27/01/2006,30/01/2007,"Parliamentary Secretary to the Minister for Immigration and Multicultural Affairs"
"The Hon Andrew Robb",30/01/2007,03/12/2007,"Minister for Vocational and Further Education"
"The Hon Andrew Thomson",11/03/1996,09/10/1997,"Parliamentary Secretary to the Minister for Foreign Affairs"
"The Hon Andrew Thomson",09/10/1997,21/10/1998,"Minister Assisting the Prime Minister for the Sydney 2000 Games"
"The Hon Andrew Thomson",09/10/1997,21/10/1998,"Minister for Sport and Tourism"
"The Hon Anthony Albanese MP",03/12/2007,18/09/2013,"Leader of the House"
"The Hon Anthony Albanese MP",03/12/2007,14/09/2010,"Minister for Infrastructure, Transport, Regional Development and Local Government"
"The Hon Anthony Albanese MP",14/09/2010,01/07/2013,"Minister for Infrastructure and Transport"
"The Hon Anthony Albanese MP",25/03/2013,01/07/2013,"Minister for Regional Development and Local Government"
"The Hon Anthony Albanese MP",27/06/2013,18/09/2013,"Deputy Prime Minister"
"The Hon Anthony Albanese MP",01/07/2013,18/09/2013,"Minister for Broadband, Communications and the Digital Economy"
"The Hon Anthony Byrne MP",03/12/2007,14/09/2010,"Parliamentary Secretary to the Prime Minister"
"The Hon Anthony Byrne MP",25/02/2009,14/09/2010,"Parliamentary Secretary for Trade"
"The Hon Bernie Ripoll MP",05/03/2012,25/03/2013,"Parliamentary Secretary to the Treasurer"
"The Hon Bernie Ripoll MP",25/03/2013,18/09/2013,"Parliamentary Secretary for Small Business"
"The Hon Bill Shorten MP",03/12/2007,14/09/2010,"Parliamentary Secretary for Disabilities and Children's Services"
"The Hon Bill Shorten MP",25/02/2009,14/09/2010,"Parliamentary Secretary for Victorian Bushfire Reconstruction"
"The Hon Bill Shorten MP",14/09/2010,14/12/2011,"Assistant Treasurer"
"The Hon Bill Shorten MP",14/09/2010,18/09/2013,"Minister for Financial Services and Superannuation"
"The Hon Bill Shorten MP",14/12/2011,01/07/2013,"Minister for Employment and Workplace Relations"
"The Hon Bill Shorten MP",01/07/2013,18/09/2013,"Minister for Workplace Relations"
"The Hon Bill Shorten MP",01/07/2013,18/09/2013,"Minister for Education"
"The Hon Bob Baldwin MP",27/01/2006,03/12/2007,"Parliamentary Secretary to the Minister for Industry, Tourism and Resources"
"The Hon Bob Debus",03/12/2007,09/06/2009,"Minister for Home Affairs"
"The Hon Bob McMullan MP",03/12/2007,19/07/2010,"Parliamentary Secretary for International Development Assistance"
"The Hon Brendan O'Connor MP",03/12/2007,09/06/2009,"Minister for Employment Participation"
"The Hon Brendan O'Connor MP",09/06/2009,14/12/2011,"Minister for Home Affairs"
"The Hon Brendan O'Connor MP",14/09/2010,14/12/2011,"Minister for Justice"
"The Hon Brendan O'Connor MP",14/09/2010,14/12/2011,"Minister for Privacy and Freedom of Information"
"The Hon Brendan O'Connor MP",14/12/2011,05/03/2012,"Minister Assisting for School Education"
"The Hon Brendan O'Connor MP",14/12/2011,05/03/2012,"Minister for Human Services"
"The Hon Brendan O'Connor MP",05/03/2012,04/02/2013,"Minister for Emergency Management"
"The Hon Brendan O'Connor MP",05/03/2012,04/02/2013,"Minister for Homelessness"
"The Hon Brendan O'Connor MP",05/03/2012,04/02/2013,"Minister for Housing"
"The Hon Brendan O'Connor MP",04/02/2013,01/07/2013,"Minister for Immigration and Citizenship"
"The Hon Brendan O'Connor MP",01/07/2013,18/09/2013,"Minister for Employment, Skills and Training"
"The Hon Bronwyn Bishop",11/03/1996,21/10/1998,"Minister for Defence Industry, Science and Personnel"
"The Hon Bronwyn Bishop",21/10/1998,26/11/2001,"Minister for Aged Care"
"The Hon Bruce Billson MP",18/07/2004,21/10/2004,"Parliamentary Secretary to the Minister for Foreign Affairs"
"The Hon Bruce Billson MP",22/10/2004,06/07/2005,"Parliamentary Secretary Foreign Affairs and Trade"
"The Hon Bruce Billson MP",06/07/2005,27/01/2006,"Parliamentary Secretary Foreign Affairs"
"The Hon Bruce Billson MP",06/07/2005,27/01/2006,"Parliamentary Secretary to the Minister for Immigration and Multicultural and Indigenous Affairs"
"The Hon Bruce Billson MP",27/01/2006,03/12/2007,"Minister Assisting the Minister for Defence"
"The Hon Bruce Billson MP",27/01/2006,03/12/2007,"Minister for Veterans' Affairs"
"The Hon Bruce Scott",11/03/1996,26/11/2001,"Minister for Veterans' Affairs"
"The Hon Bruce Scott",21/10/1998,26/11/2001,"Minister Assisting the Minister for Defence"
"Catherine King MP",14/09/2010,25/03/2013,"Parliamentary Secretary for Health and Ageing"
"Catherine King MP",14/09/2010,25/03/2013,"Parliamentary Secretary for Infrastructure and Transport"
"Catherine King MP",25/03/2013,01/07/2013,"Minister for Regional Services, Local Communities and Territories"
"Catherine King MP",01/07/2013,18/09/2013,"Minister for Regional Australia, Local Government and Territories"
"Catherine King MP",25/03/2013,01/07/2013,"Minister for Road Safety"
"The Hon Charles Tuckey",21/10/1998,26/11/2001,"Minister Assisting the Prime Minister"
"The Hon Charles Tuckey",21/10/1998,26/11/2001,"Minister for Forestry and Conservation"
"The Hon Charles Tuckey",25/01/2002,07/10/2003,"Minister for Regional Services, Territories and Local Government"
"The Hon Chris Bowen MP",03/12/2007,09/06/2009,"Assistant Treasurer"
"The Hon Chris Bowen MP",03/12/2007,09/06/2009,"Minister for Competition Policy and Consumer Affairs"
"The Hon Chris Bowen MP",09/06/2009,14/09/2010,"Minister for Financial Services, Superannuation and Corporate Law"
"The Hon Chris Bowen MP",09/06/2009,14/09/2010,"Minister for Human Services"
"The Hon Chris Bowen MP",14/09/2010,04/02/2013,"Minister for Immigration and Citizenship"
"The Hon Chris Bowen MP",04/02/2013,25/03/2013,"Minister for Small Business"
"The Hon Chris Bowen MP",04/02/2013,25/03/2013,"Minister for Tertiary Education, Skills, Science and Research"
"The Hon Chris Bowen MP",27/06/2013,18/09/2013,"Treasurer"
"The Hon Chris Gallus",30/01/2001,26/11/2001,"Parliamentary Secretary to the Minister for Reconciliation and Aboriginal and Torres Strait Islander Affairs"
"The Hon Chris Gallus",26/11/2001,18/07/2004,"Parliamentary Secretary to the Minister for Foreign Affairs"
"The Hon Chris Miles",11/03/1996,21/10/1998,"Parliamentary Secretary to the Prime Minister"
"The Hon Chris Pearce MP",22/10/2004,03/12/2007,"Parliamentary Secretary to the Treasurer"
"The Hon Christopher Pyne MP",07/10/2003,21/10/2004,"Parliamentary Secretary to the Minister for Family and Community Services"
"The Hon Christopher Pyne MP",22/10/2004,30/01/2007,"Parliamentary Secretary to the Minister for Health and Ageing"
"The Hon Christopher Pyne MP",30/01/2007,21/03/2007,"Assistant Minister for Health and Ageing"
"The Hon Christopher Pyne MP",21/03/2007,03/12/2007,"Minister for Ageing"
"The Hon Craig Emerson MP",03/12/2007,14/09/2010,"Minister Assisting the Finance Minister on Deregulation"
"The Hon Craig Emerson MP",03/12/2007,14/09/2010,"Minister for Small Business, Independent Contractors and the Service Economy"
"The Hon Craig Emerson MP",09/06/2009,14/09/2010,"Minister for Competition Policy and Consumer Affairs"
"The Hon Craig Emerson MP",14/09/2010,05/03/2012,"Minister for Trade"
"The Hon Danna Vale",26/11/2001,07/10/2003,"Minister Assisting the Minister for Defence"
"The Hon Danna Vale",26/11/2001,21/10/2004,"Minister for Veterans' Affairs"
"The Hon Daryl Williams",11/03/1996,07/10/2003,"Attorney-General"
"The Hon Daryl Williams",11/03/1996,09/10/1997,"Minister for Justice"
"The Hon Daryl Williams",07/10/2003,18/07/2004,"Minister for Communications, Information Technology and the Arts"
"The Hon David Bradbury MP",14/09/2010,05/03/2012,"Parliamentary Secretary to the Treasurer"
"The Hon David Bradbury MP",05/03/2012,18/09/2013,"Assistant Treasurer "
"The Hon David Bradbury MP",05/03/2012,01/07/2013,"Minister Assisting for Deregulation"
"The Hon David Bradbury MP",01/07/2013,18/09/2013,"Minister for Competition Policy and Consumer Affairs, Deregulation, Financial Services and Superannuation"
"The Hon David Jull",11/03/1996,25/09/1997,"Minister for Administrative Services"
"The Hon De-Anne Kelly MP",07/10/2003,21/10/2004,"Parliamentary Secretary to the Minister for Trade"
"The Hon De-Anne Kelly MP",07/10/2003,21/10/2004,"Parliamentary Secretary to the Minister for Transport and Regional Services"
"The Hon De-Anne Kelly MP",22/10/2004,27/01/2006,"Minister for Veterans' Affairs and Minister Assisting the Minister for Defence"
"The Hon De-Anne Kelly MP",27/01/2006,29/09/2006,"Parliamentary Secretary Trade"
"The Hon De-Anne Kelly MP",29/09/2006,03/12/2007,"Parliamentary Secretary to the Minister for Transport and Regional Services"
"The Hon Dr Brendan Nelson MP",30/01/2001,26/11/2001,"Parliamentary Secretary to the Minister for Defence"
"The Hon Dr Brendan Nelson MP",26/11/2001,27/01/2006,"Minister for Education, Science and Training"
"The Hon Dr Brendan Nelson MP",27/01/2006,03/12/2007,"Minister for Defence"
"The Hon Dr Craig Emerson MP",03/03/2011,05/03/2012,"Minister for Trade"
"The Hon Dr Craig Emerson MP",05/03/2012,26/06/2013,"Minister for Trade and Competitiveness"
"The Hon Dr Craig Emerson MP",28/10/2012,26/06/2013,"Minister Assisting the Prime Minister on Asian Century Policy"
"The Hon Dr Craig Emerson MP",25/03/2013,26/06/2013,"Minister for Tertiary Education, Skills, Science and Research."
"The Hon Dr David Kemp",11/03/1996,09/10/1997,"Minister Assisting the Minister for Finance for Privatisation"
"The Hon Dr David Kemp",11/03/1996,09/10/1997,"Minister for Schools, Vocational Education and Training"
"The Hon Dr David Kemp",09/10/1997,26/11/2001,"Minister Assisting the Prime Minister for the Public Service"
"The Hon Dr David Kemp",09/10/1997,21/10/1998,"Minister for Employment, Education, Training and Youth Affairs"
"The Hon Dr David Kemp",21/10/1998,26/11/2001,"Minister for Education, Training and Youth Affairs"
"The Hon Dr David Kemp",21/10/1998,18/07/2004,"Vice-President of the Executive Council"
"The Hon Dr David Kemp",26/11/2001,18/07/2004,"Minister for the Environment and Heritage"
"The Hon Dr Michael Wooldridge",11/03/1996,21/10/1998,"Minister for Health and Family Services"
"The Hon Dr Michael Wooldridge",21/10/1998,26/11/2001,"Minister for Health and Aged Care"
"The Hon Dr Sharman Stone MP",30/01/2001,21/10/2004,"Parliamentary Secretary to the Minister for the Environment and Heritage"
"The Hon Dr Sharman Stone MP",22/10/2004,27/01/2006,"Parliamentary Secretary to the Minister for Finance and Administration"
"The Hon Dr Sharman Stone MP",27/01/2006,03/12/2007,"Minister for Workforce Participation"
"The Hon Duncan Kerr MP",03/12/2007,14/12/2009,"Parliamentary Secretary for Pacific Island Affairs"
"The Hon Fran Bailey MP",26/11/2001,18/07/2004,"Parliamentary Secretary to the Minister for Defence"
"The Hon Fran Bailey MP",18/07/2004,21/10/2004,"Minister Assisting the Minister for Defence"
"The Hon Fran Bailey MP",18/07/2004,21/10/2004,"Minister for Employment Services"
"The Hon Fran Bailey MP",22/10/2004,03/12/2007,"Minister for Small Business and Tourism"
"The Hon Gary Gray AO MP",03/12/2007,09/06/2009,"Parliamentary Secretary for Regional Development and Northern Australia"
"The Hon Gary Gray AO MP",09/06/2009,14/09/2010,"Parliamentary Secretary for Western and Northern Australia"
"The Hon Gary Gray AO MP",14/09/2010,25/03/2013,"Minister for the Public Service and Integrity"
"The Hon Gary Gray AO MP",14/09/2010,25/03/2013,"Special Minister of State"
"The Hon Gary Gray AO MP",25/03/2013,18/09/2013,"Minister for Resources and Energy"
"The Hon Gary Gray AO MP",25/03/2013,18/09/2013,"Minister for Small Business"
"The Hon Gary Gray AO MP",25/03/2013,18/09/2013,"Minister for Tourism"
"The Hon Gary Hardgrave MP",26/11/2001,21/10/2004,"Minister for Citizenship and Multicultural Affairs"
"The Hon Gary Hardgrave MP",07/10/2003,30/01/2007,"Minister Assisting the Prime Minister"
"The Hon Gary Hardgrave MP",22/10/2004,30/01/2007,"Minister for Vocational and Technical Education"
"The Hon Gary Nairn MP",22/10/2004,27/01/2006,"Parliamentary Secretary to the Prime Minister"
"The Hon Gary Nairn MP",27/01/2006,03/12/2007,"Special Minister of State"
"The Hon Geoff Prosser",11/03/1996,11/07/1997,"Minister for Small Business and Consumer Affairs"
"The Hon Greg Combet AM MP",03/12/2007,25/02/2009,"Parliamentary Secretary for Defence Procurement"
"The Hon Greg Combet AM MP",25/02/2009,09/06/2009,"Parliamentary Secretary for Climate Change"
"The Hon Greg Combet AM MP",09/06/2009,14/09/2010,"Minister Assisting the Minister for Climate Change"
"The Hon Greg Combet AM MP",09/06/2009,14/09/2010,"Minister for Defence Personnel, Materiel and Science"
"The Hon Greg Combet AM MP",14/09/2010,25/03/2013,"Minister for Climate Change and Energy Efficiency"
"The Hon Greg Combet AM MP",14/12/2011,25/03/2013,"Minister for Industry and Innovation"
"The Hon Greg Combet AM MP",25/03/2013,26/06/2013,"Minister for Climate Change, Industry and Innovation"
"The Hon Greg Hunt MP",22/10/2004,30/01/2007,"Parliamentary Secretary to the Minister for the Environment and Heritage"
"The Hon Greg Hunt MP",30/01/2007,03/12/2007,"Parliamentary Secretary to the Minister for Foreign Affairs"
"The Hon Ian Macfarlane MP",30/01/2001,26/11/2001,"Minister for Small Business"
"The Hon Ian Macfarlane MP",26/11/2001,03/12/2007,"Minister for Industry, Tourism and Resources"
"The Hon Ian McLachlan",11/03/1996,21/10/1998,"Minister for Defence"
"The Hon Jackie Kelly",21/10/1998,30/01/2001,"Minister Assisting the Prime Minister for the Sydney 2000 Games"
"The Hon Jackie Kelly",21/10/1998,26/11/2001,"Minister for Sport and Tourism"
"The Hon Jackie Kelly",26/11/2001,21/10/2004,"Parliamentary Secretary to the Prime Minister"
"The Hon Jason Clare MP",09/06/2009,14/09/2010,"Parliamentary Secretary for Employment"
"The Hon Jason Clare MP",14/09/2010,14/12/2011,"Minister for Defence Materiel"
"The Hon Jason Clare MP",14/12/2011,18/09/2013,"Minister for Home Affairs "
"The Hon Jason Clare MP",14/12/2011,18/09/2013,"Minister for Justice"
"The Hon Jason Clare MP",05/03/2012,04/02/2013,"Minister for Defence Materiel"
"The Hon Jason Clare MP",04/02/2013,18/09/2013,"Cabinet Secretary"
"The Hon Jenny Macklin MP",03/12/2007,14/12/2011,"Minister for Families, Housing, Community Services and Indigenous Affairs"
"The Hon Jenny Macklin MP",14/12/2011,18/09/2013,"Minister for Disability Reform"
"The Hon Jenny Macklin MP",14/12/2011,18/09/2013,"Minister for Families, Community Services and Indigenous Affairs"
"The Hon Jim Lloyd MP",18/07/2004,03/12/2007,"Minister for Local Government, Territories and Roads"
"The Hon Joe Hockey MP",21/10/1998,26/11/2001,"Minister for Financial Services and Regulation"
"The Hon Joe Hockey MP",26/11/2001,21/10/2004,"Minister for Small Business and Tourism"
"The Hon Joe Hockey MP",22/10/2004,30/01/2007,"Minister for Human Services"
"The Hon Joe Hockey MP",10/08/2006,30/01/2007,"Minister Assisting the Minister for Workplace Relations"
"The Hon Joe Hockey MP",30/01/2007,03/12/2007,"Minister Assisting the Prime Minister for the Public Service"
"The Hon Joe Hockey MP",30/01/2007,03/12/2007,"Minister for Employment and Workplace Relations"
"The Hon Joel Fitzgibbon MP",03/12/2007,09/06/2009,"Minister for Defence"
"The Hon Joel Fitzgibbon MP",01/07/2013,18/09/2013,"Minister for Agriculture, Fisheries and Forestry"
"The Hon John Anderson",11/03/1996,21/10/1998,"Minister for Primary Industries and Energy"
"The Hon John Anderson",25/09/1997,09/10/1997,"Acting Minister for Transport and Regional Development"
"The Hon John Anderson",21/10/1998,06/07/2005,"Minister for Transport and Regional Services"
"The Hon John Anderson",20/07/1999,06/07/2005,"Deputy Prime Minister"
"The Hon John Cobb MP",22/10/2004,06/07/2005,"Parliamentary Secretary to the Minister for Transport and Regional Services"
"The Hon John Cobb MP",06/07/2005,27/01/2006,"Minister for Citizenship and Multicultural Affairs "
"The Hon John Cobb MP",27/01/2006,30/01/2007,"Minister for Community Services"
"The Hon John Cobb MP",30/01/2007,03/12/2007,"Assistant Minister for the Environment and Water Resources "
"The Hon John Fahey",11/03/1996,09/10/1997,"Minister for Finance"
"The Hon John Fahey",09/10/1997,26/11/2001,"Minister for Finance and Administration"
"The Hon John Howard MP",11/03/1996,03/12/2007,"Prime Minister"
"The Hon John Moore",11/03/1996,13/10/1996,"Minister for Foreign Affairs"
"The Hon John Moore",11/03/1996,21/10/1998,"Minister for Industry, Science and Tourism"
"The Hon John Moore",11/03/1996,21/10/1998,"Vice President of the Executive Council"
"The Hon John Moore",21/10/1998,30/01/2001,"Minister for Defence"
"The Hon John Murphy MP",03/12/2007,25/02/2009,"Parliamentary Secretary to the Minister for Trade"
"The Hon John Sharp",11/03/1996,25/09/1997,"Minister for Transport and Regional Development"
"The Hon Judi Moylan",11/03/1996,09/10/1997,"Minister for Family Services"
"The Hon Judi Moylan",09/10/1997,21/10/1998,"Minister for the Status of Women"
"The Hon Julia Gillard MP",03/12/2007,24/06/2010,"Deputy Prime Minister"
"The Hon Julia Gillard MP",03/12/2007,24/06/2010,"Minister for Education"
"The Hon Julia Gillard MP",03/12/2007,24/06/2010,"Minister for Employment and Workplace Relations"
"The Hon Julia Gillard MP",03/12/2007,24/06/2010,"Minister for Social Inclusion"
"The Hon Julia Gillard MP",24/06/2010,27/06/2013,"Prime Minister"
"The Hon Julie Bishop MP",07/10/2003,27/01/2006,"Minister for Ageing"
"The Hon Julie Bishop MP",27/01/2006,03/12/2007,"Minister Assisting the Prime Minister for Women's Issues"
"The Hon Julie Bishop MP",27/01/2006,03/12/2007,"Minister for Education, Science and Training"
"The Hon Julie Collins MP",14/09/2010,14/12/2011,"Parliamentary Secretary for Community Services"
"The Hon Julie Collins MP",14/12/2011,18/09/2013,"Minister for Community Services "
"The Hon Julie Collins MP",14/12/2011,18/09/2013,"Minister for Indigenous Employment and Economic Development "
"The Hon Julie Collins MP",14/12/2011,18/09/2013,"Minister for the Status of Women"
"The Hon Julie Collins MP",01/07/2013,18/09/2013,"Minister for Housing and Homelessness"
"The Hon Justine Elliot MP",03/12/2007,14/09/2010,"Minister for Ageing"
"The Hon Justine Elliot MP",14/09/2010,04/02/2013,"Parliamentary Secretary for Trade"
"The Hon Kate Ellis MP",03/12/2007,09/06/2009,"Minister for Youth and Sport"
"The Hon Kate Ellis MP",09/06/2009,14/09/2010,"Minister for Early Childhood Education, Childcare and Youth"
"The Hon Kate Ellis MP",09/06/2009,14/09/2010,"Minister for Sport"
"The Hon Kate Ellis MP",14/09/2010,14/12/2011,"Minister for Employment Participation and Childcare"
"The Hon Kate Ellis MP",14/09/2010,14/12/2011,"Minister for the Status of Women"
"The Hon Kate Ellis MP",14/12/2011,01/07/2013,"Minister for Early Childhood and Childcare"
"The Hon Kate Ellis MP",01/07/2013,18/09/2013,"Minister for Early Childhood, Childcare and Youth"
"The Hon Kate Ellis MP",14/12/2011,18/09/2013,"Minister for Employment Participation"
"The Hon Kathy Sullivan",09/10/1997,21/10/1998,"Parliamentary Secretary to the Minister for Foreign Affairs"
"The Hon Kathy Sullivan",21/10/1998,20/07/1999,"Parliamentary Secretary Foreign Affairs"
"The Hon Kathy Sullivan",20/07/1999,16/02/2000,"Parliamentary Secretary to the Minister for Foreign Affairs"
"The Hon Kelvin Thomson MP",04/02/2013,18/09/2013,"Parliamentary Secretary for Trade"
"The Hon Kevin Andrews MP",26/11/2001,07/10/2003,"Minister for Ageing"
"The Hon Kevin Andrews MP",07/10/2003,30/01/2007,"Minister Assisting the Prime Minister for the Public Service"
"The Hon Kevin Andrews MP",07/10/2003,30/01/2007,"Minister for Employment and Workplace Relations"
"The Hon Kevin Andrews MP",30/01/2007,03/12/2007,"Minister for Immigration and Citizenship"
"The Hon Kevin Rudd MP",03/12/2007,24/06/2010,"Prime Minister"
"The Hon Kevin Rudd MP",27/06/2013,18/09/2013,"Prime Minister"
"The Hon Kevin Rudd MP",14/09/2010,13/03/2012,"Minister for Foreign Affairs"
"The Hon Larry Anthony",21/10/1998,20/07/1999,"Parliamentary Secretary Trade"
"The Hon Larry Anthony",20/07/1999,26/11/2001,"Minister for Community Services"
"The Hon Larry Anthony",26/11/2001,21/10/2004,"Minister for Children and Youth Affairs"
"The Hon Laurie Ferguson MP",03/12/2007,14/09/2010,"Parliamentary Secretary for Multicultural Affairs and Settlement Services"
"The Hon Lindsay Tanner MP",03/12/2007,03/09/2010,"Minister for Finance and Deregulation"
"The Hon Mal Brough MP",16/02/2000,30/01/2001,"Parliamentary Secretary to the Minister for Employment, Workplace Relations and Small Business"
"The Hon Mal Brough MP",14/02/2001,18/07/2004,"Minister for Employment Services"
"The Hon Mal Brough MP",07/10/2003,18/07/2004,"Minister Assisting the Minister for Defence"
"The Hon Mal Brough MP",18/07/2004,27/01/2006,"Minister for Revenue and Assistant Treasurer"
"The Hon Mal Brough MP",27/01/2006,03/12/2007,"Minister Assisting the Prime Minister for Indigenous Affairs"
"The Hon Mal Brough MP",27/01/2006,03/12/2007,"Minister for Families, Community Services and Indigenous Affairs"
The Hon Mal Brough MP,21/09/2015,18/02/2016,Special Minister of State
The Hon Mal Brough MP,21/09/2015,18/02/2016,Minister for Defence Materiel and Science
"The Hon Malcolm Turnbull MP",27/01/2006,30/01/2007,"Parliamentary Secretary to the Prime Minister"
"The Hon Malcolm Turnbull MP",30/01/2007,03/12/2007,"Minister for the Environment and Water Resources"
"The Hon Mark Butler MP",09/06/2009,14/09/2010,"Parliamentary Secretary for Health"
"The Hon Mark Butler MP",14/09/2010,01/07/2013,"Minister for Mental Health and Ageing"
"The Hon Mark Butler MP",12/09/2011,01/07/2013,"Minister Assisting the Prime Minister on Mental Health Reform"
"The Hon Mark Butler MP",14/12/2011,01/07/2013,"Minister for Social Inclusion"
"The Hon Mark Butler MP",04/02/2013,01/07/2013,"Minister for Housing and Homelessness"
"The Hon Mark Butler MP",01/07/2013,18/09/2013,"Minister for Climate Change, Environment, Heritage and Water"
"The Hon Mark Dreyfus QC MP",14/09/2010,04/02/2013,"Cabinet Secretary"
"The Hon Mark Dreyfus QC MP",14/09/2010,04/02/2013,"Parliamentary Secretary for Climate Change and Energy Efficiency"
"The Hon Mark Dreyfus QC MP",14/12/2011,04/02/2013,"Parliamentary Secretary for Industry and Innovation"
"The Hon Mark Dreyfus QC MP",04/02/2013,18/09/2013,"Attorney-General"
"The Hon Mark Dreyfus QC MP",04/02/2013,18/09/2013,"Minister for Emergency Management"
"The Hon Mark Dreyfus QC MP",25/03/2013,18/09/2013,"Minister for the Public Service and Integrity"
"The Hon Mark Dreyfus QC MP",25/03/2013,18/09/2013,"Special Minister of State"
"The Hon Mark Vaile MP",09/10/1997,21/10/1998,"Minister for Transport and Regional Development"
"The Hon Mark Vaile MP",21/10/1998,20/07/1999,"Minister for Agriculture, Fisheries and Forestry"
"The Hon Mark Vaile MP",20/07/1999,29/09/2006,"Minister for Trade"
"The Hon Mark Vaile MP",06/07/2005,03/12/2007,"Deputy Prime Minister"
"The Hon Mark Vaile MP",29/09/2006,03/12/2007,"Minister for Transport and Regional Services"
"The Hon Martin Ferguson MP",03/12/2007,25/03/2013,"Minister for Resources and Energy"
"The Hon Martin Ferguson MP",03/12/2007,25/03/2013,"Minister for Tourism"
"The Hon Maxine McKew MP",03/12/2007,09/06/2009,"Parliamentary Secretary for Early Childhood Education and Child Care"
"The Hon Maxine McKew MP",09/06/2009,21/08/2010,"Parliamentary Secretary for Infrastructure, Transport, Regional Development and Local Government"
"The Hon Melissa Parke",04/02/2013,01/07/2013,"Parliamentary Secretary for Mental Health, Homelessness and Social Housing"
"The Hon Melissa Parke",01/07/2013,18/09/2013,"Minister for International Development"
"The Hon Michael Danby MP",25/03/2013,18/09/2013,"Parliamentary Secretary for Arts"
"The Hon Michael Ronaldson",13/10/1996,21/10/1998,"Parliamentary Secretary to the Minister for Transport and Regional Development"
"The Hon Mike Kelly AM MP",03/12/2007,14/09/2010,"Parliamentary Secretary for Defence Support"
"The Hon Mike Kelly AM MP",25/02/2009,14/09/2010,"Parliamentary Secretary for Water"
"The Hon Mike Kelly AM MP",14/09/2010,14/12/2011,"Parliamentary Secretary for Agriculture, Fisheries and Forestry"
"The Hon Mike Kelly AM MP",14/12/2011,04/02/2013,"Parliamentary Secretary for Defence"
"The Hon Mike Kelly AM MP",04/02/2013,18/09/2013,"Minister for Defence Materiel"
"The Hon Nicola Roxon MP",03/12/2007,14/12/2011,"Minister for Health and Ageing"
"The Hon Nicola Roxon MP",14/12/2011,04/02/2013,"Attorney-General"
"The Hon Nicola Roxon MP",05/03/2012,04/02/2013,"Minister for Emergency Management"
"The Hon Pat Farmer MP",22/10/2004,03/12/2007,"Parliamentary Secretary to the Minister for Education, Science and Training"
"The Hon Peter Costello MP",11/03/1996,03/12/2007,"Treasurer"
"The Hon Peter Dutton MP",22/10/2004,27/01/2006,"Minister for Workforce Participation"
"The Hon Peter Dutton MP",27/01/2006,03/12/2007,"Minister for Revenue and Assistant Treasurer"
"The Hon Peter Garrett AM MP",03/12/2007,14/09/2010,"Minister for the Environment, Heritage and the Arts"
"The Hon Peter Garrett AM MP",14/09/2010,26/06/2013,"Minister for School Education, Early Childhood and Youth"
"The Hon Peter Lindsay MP",30/01/2007,03/12/2007,"Parliamentary Secretary to the Minister for Defence"
"The Hon Peter McGauran MP",11/03/1996,26/09/1997,"Deputy Leader of the House"
"The Hon Peter McGauran MP",11/03/1996,26/09/1997,"Minister for Science and Technology"
"The Hon Peter McGauran MP",21/10/1998,03/12/2007,"Deputy Leader of the House"
"The Hon Peter McGauran MP",21/10/1998,26/11/2001,"Minister for the Arts and the Centenary of Federation"
"The Hon Peter McGauran MP",26/11/2001,21/10/2004,"Minister for Science"
"The Hon Peter McGauran MP",22/10/2004,06/07/2005,"Minister for Citizenship and Multicultural Affairs"
"The Hon Peter McGauran MP",06/07/2005,03/12/2007,"Minister for Agriculture, Fisheries and Forestry"
"The Hon Peter Reith",11/03/1996,26/11/2001,"Leader of the House"
"The Hon Peter Reith",11/03/1996,11/07/1997,"Minister Assisting the Prime Minister for the Public Service"
"The Hon Peter Reith",11/03/1996,11/07/1997,"Minister for Industrial Relations"
"The Hon Peter Reith",11/07/1997,21/10/1998,"Minister for Workplace Relations and Small Business"
"The Hon Peter Reith",21/10/1998,30/01/2001,"Minister for Employment, Workplace Relations and Small Business"
"The Hon Peter Reith",30/01/2001,26/11/2001,"Minister for Defence"
"The Hon Peter Slipper",21/10/1998,21/10/2004,"Parliamentary Secretary to the Minister for Finance and Administration"
"The Hon Peter Slipper",26/11/2001,25/01/2002,"Parliamentary Secretary to Cabinet"
"The Hon Philip Ruddock MP",11/03/1996,26/11/2001,"Minister for Immigration and Multicultural Affairs"
"The Hon Philip Ruddock MP",25/09/1997,09/10/1997,"Acting Minister for Administrative Services"
"The Hon Philip Ruddock MP",21/10/1998,30/01/2001,"Minister Assisting the Prime Minister for Reconciliation"
"The Hon Philip Ruddock MP",30/01/2001,26/11/2001,"Minister for Reconciliation and Aboriginal and Torres Strait Islander Affairs"
"The Hon Philip Ruddock MP",26/11/2001,07/10/2003,"Minister for Immigration and Multicultural and Indigenous Affairs"
"The Hon Philip Ruddock MP",07/10/2003,03/12/2007,"Attorney-General"
"The Hon Richard Marles",09/06/2009,14/09/2010,"Parliamentary Secretary for Innovation and Industry"
"The Hon Richard Marles",14/09/2010,25/03/2013,"Parliamentary Secretary for Pacific Island Affairs"
"The Hon Richard Marles",05/03/2012,25/03/2013,"Parliamentary Secretary for Foreign Affairs"
"The Hon Richard Marles",01/07/2013,18/09/2013,"Minister for Trade"
"The Hon Robert McClelland MP",03/12/2007,14/12/2011,"Attorney-General"
"The Hon Robert McClelland MP",14/09/2010,05/03/2012,"Vice President of the Executive Council"
"The Hon Robert McClelland MP",14/12/2011,05/03/2012,"Minister for Emergency Management"
"The Hon Robert McClelland MP",14/12/2011,05/03/2012,"Minister for Homelessness"
"The Hon Robert McClelland MP",14/12/2011,05/03/2012,"Minister for Housing"
"The Hon Ross Cameron",26/11/2001,07/10/2003,"Parliamentary Secretary to the Minister for Family and Community Services"
"The Hon Ross Cameron",07/10/2003,21/10/2004,"Parliamentary Secretary to the Treasurer"
"The Hon Sharman Stone",21/10/1998,30/01/2001,"Parliamentary Secretary to the Minister for the Environment and Heritage"
"The Hon Sharon Bird MP",05/03/2012,25/03/2013,"Parliamentary Secretary for Higher Education and Skills"
"The Hon Sharon Bird MP",25/03/2013,01/07/2013,"Minister for Higher Education and Skills"
"The Hon Sharon Bird MP",01/07/2013,18/09/2013,"Minister for Regional Development, Regional Communication and Road Safety"
"The Hon Shayne Neumann MP",25/03/2013,18/09/2013,"Parliamentary Secretary for Health and Ageing"
"The Hon Shayne Neumann MP",25/03/2013,18/09/2013,"Parliamentary Secretary to the Attorney-General"
"The Hon Sid Sidebottom MP",14/12/2011,18/09/2013,"Parliamentary Secretary for Agriculture, Fisheries and Forestry"
"The Hon Simon Crean MP",03/12/2007,28/06/2010,"Minister for Trade"
"The Hon Simon Crean MP",28/06/2010,14/09/2010,"Minister for Education"
"The Hon Simon Crean MP",28/06/2010,14/09/2010,"Minister for Employment and Workplace Relations"
"The Hon Simon Crean MP",28/06/2010,14/09/2010,"Minister for Social Inclusion"
"The Hon Simon Crean MP",14/09/2010,25/03/2013,"Minister for Regional Australia, Regional Development and Local Government"
"The Hon Simon Crean MP",14/09/2010,25/03/2013,"Minister for the Arts  "
"The Hon Stephen Smith MP",03/12/2007,14/09/2010,"Minister for Foreign Affairs"
"The Hon Stephen Smith MP",28/06/2010,14/09/2010,"Minister for Trade"
"The Hon Stephen Smith MP",14/09/2010,18/09/2013,"Deputy Leader of the House"
"The Hon Stephen Smith MP",14/09/2010,18/09/2013,"Minister for Defence"
"The Hon Sussan Ley MP",22/10/2004,27/01/2006,"Parliamentary Secretary Children and Youth Affairs"
"The Hon Sussan Ley MP",27/01/2006,03/12/2007,"Parliamentary Secretary to the Minister for Agriculture, Fisheries and Forestry"
"The Hon Tanya Plibersek MP",03/12/2007,14/09/2010,"Minister for Housing"
"The Hon Tanya Plibersek MP",03/12/2007,14/09/2010,"Minister for the Status of Women"
"The Hon Tanya Plibersek MP",14/09/2010,14/12/2011,"Minister for Human Services"
"The Hon Tanya Plibersek MP",14/09/2010,14/12/2011,"Minister for Social Inclusion"
"The Hon Tanya Plibersek MP",14/12/2011,01/07/2013,"Minister for Health"
"The Hon Tanya Plibersek MP",01/07/2013,18/09/2013,"Minister for Health and Medical Research"
"The Hon Teresa Gambaro MP",18/07/2004,27/01/2006,"Parliamentary Secretary to the Minister for Defence"
"The Hon Teresa Gambaro MP",27/01/2006,30/01/2007,"Parliamentary Secretary Foreign Affairs"
"The Hon Teresa Gambaro MP",30/01/2007,21/03/2007,"Parliamentary Secretary to the Minister for Immigration and Citizenship"
"The Hon Teresa Gambaro MP",21/03/2007,03/12/2007,"Assistant Minister for Immigration and Citizenship"
"The Hon Tim Fischer",11/03/1996,20/07/1999,"Deputy Prime Minister"
"The Hon Tim Fischer",11/03/1996,20/07/1999,"Minister for Trade"
"The Hon Tony Abbott MP",11/03/1996,21/10/1998,"Parliamentary Secretary to the Minister for Employment, Education, Training and Youth Affairs"
"The Hon Tony Abbott MP",21/10/1998,30/01/2001,"Minister for Employment Services"
"The Hon Tony Abbott MP",30/01/2001,26/11/2001,"Minister for Employment, Workplace Relations and Small Business"
"The Hon Tony Abbott MP",26/11/2001,07/10/2003,"Minister for Employment and Workplace Relations"
"The Hon Tony Abbott MP",19/03/2002,03/12/2007,"Leader of the House"
"The Hon Tony Abbott MP",07/10/2003,03/12/2007,"Minister for Health and Ageing"
"The Hon Tony Burke MP",03/12/2007,14/09/2010,"Minister for Agriculture, Fisheries and Forestry"
"The Hon Tony Burke MP",14/09/2010,01/07/2013,"Minister for Sustainability, Environment, Water, Population and Communities"
"The Hon Tony Burke MP",05/03/2012,18/09/2013,"Vice-President of the Executive Council"
"The Hon Tony Burke MP",25/03/2013,18/09/2013,"Minister for the Arts"
"The Hon Tony Burke MP",01/07/2013,18/09/2013,"Minister for Immigration, Multicultural Affairs and Citizenship"
"The Hon Tony Smith MP",30/01/2007,03/12/2007,"Parliamentary Secretary to the Prime Minister"
"The Hon Trish Worth",11/07/1997,21/10/1998,"Parliamentary Secretary to the Minister for Health and Family Services"
"The Hon Trish Worth",21/10/1998,26/11/2001,"Parliamentary Secretary to the Minister for Education, Training and Youth Affairs"
"The Hon Trish Worth",26/11/2001,21/10/2004,"Parliamentary Secretary to the Minister for Health and Ageing"
"The Hon Warren Entsch",21/10/1998,27/01/2006,"Parliamentary Secretary to the Minister for Industry, Science and Resources"
"The Hon Warren Snowdon MP",03/12/2007,09/06/2009,"Minister for Defence Science and Personnel"
"The Hon Warren Snowdon MP",09/06/2009,14/09/2010,"Minister for Indigenous Health, Rural and Regional Health and Regional Service Delivery"
"The Hon Warren Snowdon MP",14/09/2010,18/09/2013,"Minister for Defence Science and Personnel"
"The Hon Warren Snowdon MP",14/09/2010,18/09/2013,"Minister for Indigenous Health"
"The Hon Warren Snowdon MP",14/09/2010,18/09/2013,"Minister for Veterans' Affairs"
"The Hon Warren Snowdon MP",03/03/2011,18/09/2013,"Minister Assisting the Prime Minister on the Centenary of ANZAC"
"The Hon Warren Truss MP",09/10/1997,21/10/1998,"Minister for Customs and Consumer Affairs"
"The Hon Warren Truss MP",21/10/1998,20/07/1999,"Minister for Community Services"
"The Hon Warren Truss MP",20/07/1999,06/07/2005,"Minister for Agriculture, Fisheries and Forestry"
"The Hon Warren Truss MP",06/07/2005,29/09/2006,"Minister for Transport and Regional Services"
"The Hon Warren Truss MP",29/09/2006,03/12/2007,"Minister for Trade"
"The Hon Warwick Smith",11/03/1996,09/10/1997,"Minister for Sport, Territories and Local Government"
"The Hon Warwick Smith",09/10/1997,21/10/1998,"Minister for Family Services"
"The Hon Wayne Swan MP",03/12/2007,27/06/2013,"Treasurer"
"The Hon Wayne Swan MP",24/06/2010,27/06/2013,"Deputy Prime Minister"
"The Hon Yvette D'Ath MP",04/02/2013,18/09/2013,"Parliamentary Secretary for Climate Change and Energy Efficiency"
The Hon Tony Abbott MP,18/09/2013,15/09/2015,Prime Minister
The Hon Warren Truss MP,18/09/2013,18/02/2016,Deputy Prime Minister
The Hon Warren Truss MP,18/09/2013,18/02/2016,Minister for Infrastructure and Regional Development
The Hon Warren Truss MP,18/09/2013,12/02/2016,Leader of the Nationals
The Hon Julie Bishop MP,18/09/2013,26/08/2018,Minister for Foreign Affairs
The Hon Julie Bishop MP,18/09/2013,24/08/2018,Deputy Leader of the Liberal Party
Senator the Hon Eric Abetz,18/09/2013,21/09/2015,Minister for Employment
Senator the Hon Eric Abetz,18/09/2013,21/09/2015,Minister Assisting the Prime Minister for the Public Service
Senator the Hon Eric Abetz,18/09/2013,21/09/2015,Leader of the Government in the Senate
Senator the Hon George Brandis QC,18/09/2013,20/12/2017,Attorney-General
Senator the Hon George Brandis QC,18/09/2013,21/09/2015,Minister for the Arts
Senator the Hon George Brandis QC,18/09/2013,21/09/2015,Deputy Leader of the Government in the Senate
Senator the Hon George Brandis QC,21/09/2015,20/12/2017,Leader of the Government in the Senate
Senator the Hon George Brandis QC,18/09/2013,20/12/2017,Vice-President of the Executive Council
The Hon Joe Hockey MP,18/09/2013,21/09/2015,Treasurer
The Hon Barnaby Joyce MP,18/09/2013,21/09/2015,Minister for Agriculture
The Hon Barnaby Joyce MP,21/09/2015,30/08/2016,Minister for Agriculture and Water Resources
The Hon Barnaby Joyce MP,30/08/2016,20/12/2017,"Deputy Prime Minister and Minister for Agriculture and Water Resources"
The Hon Barnaby Joyce MP,18/09/2013,11/02/2016,Deputy Leader of the Nationals
The Hon Barnaby Joyce MP,11/02/2016,26/02/2018,Leader of the Nationals
The Hon Barnaby Joyce MP,20/12/2017,26/02/2018,"Deputy Prime Minister and Minister for Infrastructure and Transport"
The Hon Christopher Pyne MP,18/09/2013,23/11/2014,Minister for Education
The Hon Christopher Pyne MP,23/11/2014,21/09/2015,Minister for Education and Training
"The Hon Christopher Pyne MP",21/09/2015,30/08/2016,"Minister for Industry, Innovation and Science"
"The Hon Christopher Pyne MP",30/08/2016,26/08/2018,"Minister for Defence Industry"
The Hon Christopher Pyne MP,18/09/2013,,"Leader of the House"
The Hon Christopher Pyne MP,26/08/2018,,Minister for Defence
The Hon Christopher Pyne MP,02/03/2019,,"Minister for Defence Industry in the House"
Senator the Hon Nigel Scullion,18/09/2013,,Minister for Indigenous Affairs
Senator the Hon Nigel Scullion,18/09/2013,,Leader of the Nationals in the Senate
The Hon Ian Macfarlane MP,18/09/2013,23/11/2014,Minister for Industry
The Hon Ian Macfarlane MP,23/11/2014,21/09/2015,Minister for Industry and Science
The Hon Kevin Andrews MP,18/09/2013,23/11/2014,Minister for Social Services
The Hon Kevin Andrews MP,23/11/2014,21/09/2015,Minister for Defence
The Hon Malcolm Turnbull MP,18/09/2013,21/09/2015,Minister for Communications
The Hon Peter Dutton MP,18/09/2013,23/11/2014,Minister for Health
The Hon Peter Dutton MP,18/09/2013,23/11/2014,Minister for Sport
The Hon Peter Dutton MP,23/11/2014,26/08/2018,Minister for Immigration and Border Protection
The Hon Peter Dutton MP,20/12/2017,,"Minister for Home Affairs"
The Hon Peter Dutton MP,02/03/2019,,"Minister for Emergency Management and North Queensland Recovery in the House"
The Hon Bruce Billson MP,18/09/2013,21/09/2015,Minister for Small Business
The Hon Andrew Robb AO MP,18/09/2013,18/02/2016,Minister for Trade and Investment
Senator the Hon David Johnston,18/09/2013,23/11/2014,Minister for Defence
The Hon Greg Hunt MP,18/09/2013,30/08/2016,Minister for the Environment
The Hon Greg Hunt MP,30/08/2016,24/01/2017,"Minister for Industry, Innovation and Science"
The Hon Greg Hunt MP,24/01/2017,,Minister for Health
The Hon Greg Hunt MP,24/01/2017,20/12/2017,Minister for Sport
The Hon Scott Morrison MP,18/09/2013,23/11/2014,Minister for Immigration and Border Protection
The Hon Scott Morrison MP,23/11/2014,21/09/2015,Minister for Social Services
The Hon Scott Morrison MP,21/09/2015,24/08/2018,Treasurer
The Hon Scott Morrison MP,24/08/2018,,Prime Minister
Senator the Hon Mathias Cormann,18/09/2013,26/08/2018,Minister for Finance
Senator the Hon Mathias Cormann,24/01/2017,20/12/2017,Deputy Leader of the Government in the Senate
Senator the Hon Mathias Cormann,20/12/2017,,Vice-President of the Executive Council
Senator the Hon Mathias Cormann,20/12/2017,,Leader of the Government in the Senate
Senator the Hon Mathias Cormann,20/12/2017,26/08/2018,"Special Minister of State"
Senator the Hon Mathias Cormann,26/08/2018,,Minister for Finance and the Public Service
Senator the Hon Mitch Fifield,18/09/2013,21/09/2015,Assistant Minister for Social Services
Senator the Hon Mitch Fifield,18/09/2013,20/12/2017,Manager of Government Business in the Senate
Senator the Hon Mitch Fifield,21/09/2015,18/02/2016,Minister Assisting the Prime Minister for Digital Government
Senator the Hon Mitch Fifield,21/09/2015,26/08/2018,Minister for Communications
Senator the Hon Mitch Fifield,21/09/2015,26/08/2018,Minister for the Arts
Senator the Hon Mitch Fifield,20/12/2017,26/08/2018,"Deputy Leader of the Government in the Senate"
Senator the Hon Mitch Fifield,26/08/2018,,Minister for Communications and the Arts
Senator the Hon Mitch Fifield,26/08/2018,,Manager of Government Business in the Senate
The Hon Luke Hartsuyker MP,18/09/2013,21/09/2015,Assistant Minister for Employment
The Hon Luke Hartsuyker MP,18/09/2013,30/08/2016,Deputy Leader of the House
The Hon Darren Chester MP,30/08/2016,20/12/2017,"Deputy Leader of the House"
The Hon Luke Hartsuyker MP,21/09/2015,30/08/2016,Minister for Vocational Education and Skills
The Hon Luke Hartsuyker MP,30/08/2016,20/12/2017,Assistant Minister to the Deputy Prime Minister
The Hon Luke Hartsuyker MP,20/12/2017,26/08/2018,Assistant Minister for Trade, Tourism and Investment
Senator the Hon Fiona Nash,18/09/2013,21/09/2015,Assistant Minister for Health
Senator the Hon Fiona Nash,21/09/2015,30/08/2016,Minister for Rural Health
Senator the Hon Fiona Nash,18/09/2013,11/02/2016,"Deputy Leader of the Nationals in the Senate"
Senator the Hon Fiona Nash,30/08/2016,27/10/2017,"Minister for Regional Development"
Senator the Hon Fiona Nash,30/08/2016,27/10/2017,"Minister for Regional Communications"
Senator the Hon Fiona Nash,30/08/2016,27/10/2017,"Minister for Local Government and Territories"
Senator the Hon Fiona Nash,11/02/2016,27/10/2017,"Deputy Leader of the Nationals"
Senator the Hon Michael Ronaldson,18/09/2013,21/09/2015,Minister for Veterans Affairs
Senator the Hon Michael Ronaldson,18/09/2013,21/09/2015,Minister Assisting the Prime Minister for the Centenary of ANZAC
Senator the Hon Michael Ronaldson,18/09/2013,21/09/2015,Special Minister of State
The Hon Sussan Ley MP,18/09/2013,23/11/2014,Assistant Minister for Education
The Hon Sussan Ley MP,23/11/2014,19/07/2016,Minister for Health
The Hon Sussan Ley MP,23/11/2014,24/01/2017,Minister for Sport
The Hon Sussan Ley MP,21/09/2015,19/07/2016,Minister for Aged Care
The Hon Sussan Ley MP,26/08/2018,,Assistant Minister for Regional Development and Territories
Senator the Hon Marise Payne,18/09/2013,21/09/2015,Minister for Human Services
Senator the Hon Marise Payne,21/09/2015,26/08/2018,Minister for Defence
Senator the Hon Marise Payne,26/08/2018,,Minister for Foreign Affairs
The Hon Michael Keenan MP,18/09/2013,20/12/2017,Minister for Justice
The Hon Michael Keenan MP,28/05/2015,20/12/2017,"Minister Assisting the Prime Minister for Counter-Terrorism"
The Hon Michael Keenan MP,20/12/2017,26/08/2018,"Minister Assisting the Prime Minister for Digital Transformation"
The Hon Michael Keenan MP,20/12/2017,26/08/2018,"Minister for Human Services"
The Hon Michael Keenan MP,26/08/2018,,Minister for Human Services and Digital Transformation
The Hon Stuart Robert MP,18/09/2013,21/09/2015,Assistant Minister for Defence
The Hon Stuart Robert MP,21/09/2015,30/08/2016,Minister for Veterans Affairs
The Hon Stuart Robert MP,21/09/2015,30/08/2016,Minister Assisting the Prime Minister for the Centenary of ANZAC
The Hon Stuart Robert MP,21/09/2015,20/12/2017,Minister for Human Services
The Hon Stuart Robert MP,26/08/2018,,Assistant Treasurer
Senator the Hon Michaelia Cash,18/09/2013,21/09/2015,Assistant Minister for Immigration and Border Protection
Senator the Hon Michaelia Cash,18/09/2013,21/09/2015,Minister Assisting the Prime Minister for Women
Senator the Hon Michaelia Cash,21/09/2015,20/12/2017,Minister for Women
Senator the Hon Michaelia Cash,21/09/2015,20/12/2017,Minister Assisting the Prime Minister for the Public Service
Senator the Hon Michaelia Cash,21/09/2015,20/12/2017,Minister for Employment
Senator the Hon Michaelia Cash,20/12/2017,26/08/2018,"Minister for Jobs and Innovation"
Senator the Hon Michaelia Cash,26/08/2018,,Minister for Small and Family Business, Skills and Vocational Education
The Hon Jamie Briggs MP,18/09/2013,21/09/2015,Assistant Minister for Infrastructure and Regional Development
The Hon Jamie Briggs MP,21/09/2015,30/12/2015,Minister for Cities and the Built Environment
Senator the Hon Arthur Sinodinos AO,18/09/2013,19/12/2014,Assistant Treasurer
Senator the Hon Arthur Sinodinos AO,21/09/2015,24/01/2017,Cabinet Secretary
Senator the Hon Arthur Sinodinos AO,24/01/2017,20/12/2017,"Minister for Industry, Innovation and Science"
Senator the Hon Richard Colbeck,18/09/2013,21/09/2015,Parliamentary Secretary to the Minister for Agriculture
Senator the Hon Richard Colbeck,21/09/2015,19/07/2016,Minister for Tourism and International Education
Senator the Hon Richard Colbeck,21/09/2015,19/07/2016,Minister Assisting the Minister for Trade and Investment
Senator the Hon Richard Colbeck,26/08/2018,,Assistant Minister for Agriculture and Water Resources
The Hon Bob Baldwin MP,18/09/2013,23/11/2014,Parliamentary Secretary to the Minister for Industry
The Hon Bob Baldwin MP,23/11/2014,21/09/2015,Parliamentary Secretary to the Minister for the Environment
Senator the Hon Brett Mason,18/09/2013,23/11/2014,Parliamentary Secretary to the Minister for Foreign Affairs
The Hon Steven Ciobo MP,18/09/2013,23/11/2014,Parliamentary Secretary to the Treasurer
The Hon Steven Ciobo MP,23/11/2014,21/09/2015,Parliamentary Secretary to the Minister for Foreign Affairs
The Hon Steven Ciobo MP,23/11/2014,21/09/2015,Parliamentary Secretary to the Minister for Trade and Investment
The Hon Steven Ciobo MP,21/09/2015,30/08/2016,Minister for International Development and the Pacific
The Hon Steven Ciobo MP,30/08/2016,26/08/2018,"Minister for Trade, Tourism and Investment"
The Hon Steven Ciobo MP,26/08/2018,02/03/2019,Minister for Defence Industry
Senator the Hon Concetta Fierravanti-Wells,18/09/2013,21/09/2015,Parliamentary Secretary to the Minister for Social Services
Senator the Hon Concetta Fierravanti-Wells,21/09/2015,30/08/2016,Assistant Minister for Multicultural Affairs
Senator the Hon Concetta Fierravanti-Wells,30/08/2016,26/08/2018,"Minister for International Development and the Pacific"
Senator the Hon Simon Birmingham,18/09/2013,23/11/2014,Parliamentary Secretary to the Minister for the Environment
Senator the Hon Simon Birmingham,23/11/2014,21/09/2015,Assistant Minister for Education and Training
Senator the Hon Simon Birmingham,21/09/2015,26/08/2018,Minister for Education and Training
Senator the Hon Simon Birmingham,20/12/2017,26/08/2018,"Manager of Government Business in the Senate"
Senator the Hon Simon Birmingham,26/08/2018,,Minister for Trade, Tourism and Investment
Senator the Hon Simon Birmingham,26/08/2018,,Deputy Leader of the Government in the Senate
Senator the Hon Scott Ryan,18/09/2013,23/11/2014,Parliamentary Secretary to the Minister for Education
Senator the Hon Scott Ryan,23/11/2014,21/09/2015,Parliamentary Secretary to the Minister for Education and Training
Senator the Hon Scott Ryan,21/09/2015,18/02/2016,Assistant Cabinet Secretary
Senator the Hon Scott Ryan,30/08/2016,20/12/2017,"Special Minister of State"
Senator the Hon Scott Ryan,24/01/2017,20/12/2017,Minister Assisting the Prime Minister for Cabinet
The Hon Darren Chester MP,18/09/2013,21/09/2015,Parliamentary Secretary to the Minister for Defence
The Hon Darren Chester MP,21/09/2015,30/08/2016,Assistant Minister for Defence
The Hon Darren Chester MP,30/08/2016,20/12/2017,"Minister for Infrastructure and Transport"
The Hon Paul Fletcher MP,18/09/2013,21/09/2015,Parliamentary Secretary to the Minister for Communications
"The Hon Paul Fletcher MP",21/09/2015,30/08/2016,"Minister for Territories, Local Government and Major Projects"
"The Hon Paul Fletcher MP",30/08/2016,20/12/2017,"Minister for Urban Infrastructure"
"The Hon Paul Fletcher MP",20/12/2017,26/08/2018,"Minister for Urban Infrastructure and Cities"
"The Hon Paul Fletcher MP",26/08/2018,,Minister for Families and Social Services
The Hon Josh Frydenberg MP,18/09/2013,23/11/2014,Parliamentary Secretary to the Prime Minister
The Hon Josh Frydenberg MP,23/12/2014,21/09/2015,Assistant Treasurer
"The Hon Josh Frydenberg MP",21/09/2015,30/08/2016,"Minister for Resources, Energy and Northern Australia"
"The Hon Josh Frydenberg MP",30/08/2016,24/08/2018,"Minister for the Environment and Energy"
"The Hon Josh Frydenberg MP",24/08/2018,,Treasurer
"The Hon Josh Frydenberg MP",24/08/2018,,"Deputy Leader of the Liberal Party"
"The Hon Josh Frydenberg MP",02/03/2019,,"Minister for Trade, Tourism and Investment in the House"
The Hon Alan Tudge MP,18/09/2013,21/09/2015,Parliamentary Secretary to the Prime Minister
The Hon Alan Tudge MP,21/09/2015,30/08/2016,Assistant Minister to the Prime Minister
The Hon Alan Tudge MP,21/09/2015,30/08/2016,Assistant Minister for Social Services
The Hon Alan Tudge MP,30/08/2016,20/12/2017,"Minister for Human Services"
The Hon Alan Tudge MP,20/12/2017,26/08/2018,"Minister for Citizenship and Multicultural Affairs"
The Hon Alan Tudge MP,26/08/2018,,Minister for Cities, Urban Infrastructure and Population
The Hon Michael McCormack MP,18/09/2013,21/09/2015,Parliamentary Secretary to the Minister for Finance
The Hon Michael McCormack MP,21/09/2015,30/08/2016,Assistant Minister to the Deputy Prime Minister
The Hon Michael McCormack MP,30/08/2016,20/12/2017,"Minister for Small Business"
The Hon Michael McCormack MP,20/12/2017,05/03/2018,"Minister for Veterans' Affairs"
The Hon Michael McCormack MP,20/12/2017,05/03/2018,"Minister for Defence Personnel"
The Hon Michael McCormack MP,20/12/2017,05/03/2018,Deputy Leader of the House
The Hon Michael McCormack MP,20/12/2017,05/03/2018,"Minister Assisting the Prime Minister for the Centenary of ANZAC"
The Hon Christian Porter MP,23/11/2014,21/09/2015,Parliamentary Secretary to the Prime Minister
The Hon Christian Porter MP,21/09/2015,20/12/2017,Minister for Social Services
The Hon Christian Porter MP,20/12/2017,,Attorney-General
The Hon Karen Andrews MP,23/11/2014,21/09/2015,Parliamentary Secretary to the Minister for Industry and Science
The Hon Karen Andrews MP,30/09/2015,21/09/2015,Assistant Minister for Science
The Hon Karen Andrews MP,30/08/2016,26/08/2018,"Assistant Minister for Vocational Education and Skills"
The Hon Karen Andrews MP,26/08/2018,,Minister for Industry, Science and Technology
The Hon Kelly ODwyer MP,23/11/2014,21/09/2015,Parliamentary Secretary to the Treasurer
The Hon Kelly ODwyer MP,21/09/2015,30/08/2016,Minister for Small Business
The Hon Kelly ODwyer MP,21/09/2015,30/08/2016,Assistant Treasurer
The Hon Kelly ODwyer MP,30/08/2016,26/08/2018,"Minister for Revenue and Financial Services"
The Hon Kelly O'Dwyer MP,20/12/2017,26/08/2018,Minister for Women
The Hon Kelly O'Dwyer MP,20/12/2017,26/08/2018,"Minister Assisting the Prime Minister for the Public Service"
The Hon Kelly O'Dwyer MP,26/08/2018,,Minister for Jobs, Industrial Relations and Women
The Hon Malcolm Turnbull MP,15/09/2015,24/08/2018,Prime Minister
Senator the Hon James McGrath,21/09/2015,26/08/2018,Assistant Minister to the Prime Minister
The Hon Dr Peter Hendy MP,21/09/2015,18/02/2016,Assistant Minister for Productivity
The Hon Alex Hawke MP,21/09/2015,30/08/2016,"Assistant Minister to the Treasurer"
The Hon Alex Hawke MP,30/08/2016,20/12/2017,"Assistant Minister for Immigration and Border Protection"
The Hon Alex Hawke MP,20/12/2017,26/08/2018,"Assistant Minister for Home Affairs"
The Hon Alex Hawke MP,26/08/2018,,Special Minister of State
Senator the Hon Anne Ruston,21/09/2015,26/08/2018,Assistant Minister for Agriculture and Water Resources
Senator the Hon Anne Ruston,26/08/2018,,Assistant Minister for International Development and the Pacific
The Hon Wyatt Roy MP,21/09/2015,19/07/2016,Assistant Minister for Innovation
The Hon Ken Wyatt AM MP,21/09/2015,30/08/2016,Assistant Minister for Health
The Hon Ken Wyatt AM MP,30/08/2016,24/01/2017,"Assistant Minister for Health And Aged Care"
The Hon Ken Wyatt AM MP,24/01/2017,26/08/2018,Minister for Aged Care
The Hon Ken Wyatt AM MP,24/01/2017,,Minister for Indigenous Health
The Hon Ken Wyatt AM MP,26/08/2018,,Minister for Senior Australians and Aged Care
The Hon Dan Tehan MP,30/08/2016,20/12/2017,"Minister Assisting the Prime Minister for Cyber Security"
The Hon Dan Tehan MP,30/08/2016,20/12/2017,"Minister for Veterans Affairs"
The Hon Dan Tehan MP,30/08/2016,20/12/2017,"Minister Assisting the Prime Minister for the Centenary of ANZAC"
The Hon Dan Tehan MP,30/08/2016,20/12/2017,"Minister for Defence Personnel"
The Hon Dan Tehan MP,20/12/2017,26/08/2018,"Minister for Social Services"
The Hon Dan Tehan MP,26/08/2018,,Minister for Education
The Hon Angus Taylor MP,30/08/2016,20/12/2017,"Assistant Minister for Cities and Digital Transformation"
The Hon Angus Taylor MP,20/12/2017,26/08/2018,"Minister for Law Enforcement and Cybersecurity"
The Hon Angus Taylor MP,26/08/2018,,Minister for Energy
The Hon Keith Pitt MP,30/08/2016,20/12/2017,"Assistant Minister for Trade, Tourism and Investment"
Senator the Hon Matt Canavan,30/08/2016,,"Minister for Resources and Northern Australia"
The Hon Craig Laundy MP,30/08/2016,20/12/2017,"Assistant Minister for Industry, Innovation and Science"
The Hon Craig Laundy MP,20/12/2017,26/08/2018,"Minister for Small and Family Business, the Workplace and Deregulation"
The Hon Dr David Gillespie MP,30/08/2016,24/01/2017,"Assistant Minister for Rural Health"
The Hon Dr David Gillespie MP,24/01/2017,20/12/2017,Assistant Minister for Health
The Hon Dr David Gillespie MP,20/12/2017,26/08/2018,"Assistant Minister for Children and Families"
The Hon Jane Prentice MP,30/08/2016,26/08/2018,"Assistant Minister for Social Services and Disability Services"
Senator the Hon Zed Seselja,30/08/2016,20/12/2017,"Assistant Minister for Social Services and Multicultural Affairs"
Senator the Hon Zed Seselja,20/12/2017,26/08/2018,"Assistant Minister for Science, Jobs and Innovation"
Senator the Hon Zed Seselja,26/08/2018,,Assistant Minister for Treasury and Finance
The Hon Michael Sukkar MP,24/01/2017,26/08/2018,Assistant Minister to the Treasurer
The Hon Dr John McVeigh MP,20/12/2017,26/08/2018,"Minister for Regional Development, Territories and Local Government"
The Hon Damian Drum MP,20/12/2017,26/08/2018,Assistant Minister to the Deputy Prime Minister
Senator the Hon Concetta Fierravanti-Wells,20/12/2017,26/08/2018,"Minister for International Development and the Pacific"
The Hon David Coleman MP,20/12/2017,26/08/2018,Assistant Minister for Finance
The Hon David Coleman MP,26/08/2018,,Minister for Immigration, Citizenship and Multicultural Affairs
Senator the Hon Bridget McKenzie,20/12/2017,26/08/2018,"Minister for Regional Communications"
Senator the Hon Bridget McKenzie,20/12/2017,26/08/2018,"Minister for Rural Health"
Senator the Hon Bridget McKenzie,20/12/2017,26/08/2018,"Minister for Sport"
Senator the Hon Bridget McKenzie,26/08/2018,,Minister for Regional Services, Sport, Local Government and Decentralisation
The Hon Melissa Price MP,20/12/2017,26/08/2018,"Assistant Minister for the Environment"
The Hon Melissa Price MP,26/08/2018,,Minister for the Environment
The Hon David Littleproud MP,20/12/2017,,"Minister for Agriculture and Water Resources"
The Hon Michael McCormack MP,26/02/2018,,"Leader of the Nationals"
The Hon Michael McCormack MP,05/03/2018,,"Deputy Prime Minister and Minister for Infrastructure and Transport"
The Hon Darren Chester MP,05/03/2018,,"Minister for Veterans' Affairs"
The Hon Darren Chester MP,05/03/2018,,"Minister for Defence Personnel"
The Hon Darren Chester MP,05/03/2018,,"Minister Assisting the Prime Minister for the Centenary of ANZAC"
The Hon Darren Chester MP,05/03/2018,,Deputy Leader of the House
The Hon Steve Irons MP,26/08/2018,,Assistant Minister to the Prime Minister
The Hon Andrew Broad MP,26/08/2018,,Assistant Minister to the Deputy Prime Minister
The Hon Scott Buchholz MP,26/08/2018,,Assistant Minister for Roads and Transport
Senator the Hon David Fawcett,26/08/2018,,Assistant Minister for Defence
The Hon Mark Coulton MP,26/08/2018,,Assistant Minister for Trade, Tourism and Investment
Senator the Hon Linda Reynolds CSC,26/08/2018,02/03/2019,Assistant Minister for Home Affairs
Senator the Hon Linda Reynolds CSC,02/03/2019,,"Minister for Defence in the Senate"
Senator the Hon Linda Reynolds CSC,02/03/2019,,"Minister for Defence Industry"
Senator the Hon Linda Reynolds CSC,02/03/2019,,"Minister for Veterans' Affairs in the Senate"
Senator the Hon Linda Reynolds CSC,02/03/2019,,"Minister for Defence Personnel in the Senate"
Senator the Hon Linda Reynolds CSC,02/03/2019,,"Minister Assisting the Prime Minister for the Centenary of ANZAC in the Senate"
Senator the Hon Linda Reynolds CSC,02/03/2019,,"Minister for Emergency Management and North Queensland Recovery"
The Hon Sarah Henderson MP,26/08/2018,,Assistant Minister for Social Services, Housing and Disability Services
The Hon Michelle Landry MP,26/08/2018,,Assistant Minister for Children and Families
