"The Hon Julia Gillard, MP",03/03/2011,09/12/2011,Prime Minister
"The Hon Wayne Swan, MP",03/03/2011,09/12/2011,Treasurer
"The Hon Wayne Swan, MP",03/03/2011,09/12/2011,Deputy Prime Minister
"The Hon Kevin Rudd, MP",03/03/2011,09/12/2011,Minister for Foreign Affairs
Senator the Hon Chris Evans,03/03/2011,09/12/2011,"Minister for Tertiary Education, Skills, Jobs and Workplace Relations"
Senator the Hon Chris Evans,03/03/2011,09/12/2011,Leader of the Government in the Senate
"The Hon Simon Crean, MP",03/03/2011,09/12/2011,"Minister for Regional Australia, Regional Development and Local Government"
"The Hon Simon Crean, MP",03/03/2011,09/12/2011,Minister for the Arts
"The Hon Stephen Smith, MP",03/03/2011,09/12/2011,Minister for Defence
"The Hon Stephen Smith, MP",03/03/2011,09/12/2011,Deputy Leader of the House
"The Hon Nicola Roxon, MP",03/03/2011,09/12/2011,Minister for Health and Ageing
"The Hon Jenny Macklin, MP",03/03/2011,09/12/2011,"Minister for Families, Housing, Community Services and Indigenous Affairs"
"The Hon Anthony Albanese, MP",03/03/2011,09/12/2011,Minister for Infrastructure and Transport
"The Hon Anthony Albanese, MP",03/03/2011,09/12/2011,Leader of the House
Senator the Hon Stephen Conroy,03/03/2011,09/12/2011,"Minister for Broadband, Communications and the Digital Economy"
Senator the Hon Stephen Conroy,03/03/2011,09/12/2011,Minister Assisting the Prime Minister on Digital Productivity
Senator the Hon Stephen Conroy,03/03/2011,09/12/2011,Deputy Leader of the Government in the Senate
Senator the Hon Kim Carr,03/03/2011,09/12/2011,"Minister for Innovation, Industry, Science and Research"
Senator the Hon Penny Wong,03/03/2011,09/12/2011,Minister for Finance and Deregulation
"The Hon Peter Garrett, AM, MP",03/03/2011,09/12/2011,"Minister for School Education, Early Childhood and Youth"
"The Hon Robert McClelland, MP",03/03/2011,09/12/2011,Attorney-General
"The Hon Robert McClelland, MP",03/03/2011,09/12/2011,Vice-President of the Executive Council
Senator the Hon Joseph Ludwig,03/03/2011,09/12/2011,"Minister for Agriculture, Fisheries and Forestry"
Senator the Hon Joseph Ludwig,03/03/2011,09/12/2011,Minister Assisting the Attorney-General on Queensland Floods Recovery
Senator the Hon Joseph Ludwig,03/03/2011,09/12/2011,Manager of Government Business in the Senate
"The Hon Tony Burke, MP",03/03/2011,09/12/2011,"Minister for Sustainability, Environment, Water, Population and Communities"
"The Hon Martin Ferguson, MP",03/03/2011,09/12/2011,Minister for Resources and Energy
"The Hon Martin Ferguson, MP",03/03/2011,09/12/2011,Minister for Tourism
"The Hon Chris Bowen, MP",03/03/2011,09/12/2011,Minister for Immigration and Citizenship
"The Hon Dr Craig Emerson, MP",03/03/2011,09/12/2011,Minister for Trade
"The Hon Greg Combet, AM, MP",03/03/2011,09/12/2011,Minister for Climate Change and Energy Efficiency
"The Hon Tanya Plibersek, MP",03/03/2011,09/12/2011,Minister for Human Services
"The Hon Tanya Plibersek, MP",03/03/2011,09/12/2011,Minister for Social Inclusion
"The Hon Brendan O'Connor, MP",03/03/2011,09/12/2011,Minister for Home Affairs
"The Hon Brendan O'Connor, MP",03/03/2011,09/12/2011,Minister for Justice
"The Hon Brendan O'Connor, MP",03/03/2011,09/12/2011,Minister for Privacy and Freedom of Information
"The Hon Kate Ellis, MP",03/03/2011,09/12/2011,Minister for Employment Participation and Childcare
"The Hon Kate Ellis, MP",03/03/2011,09/12/2011,Minister for the Status of Women
Senator the Hon Mark Arbib,03/03/2011,09/12/2011,Minister for Indigenous Employment and Economic Development
Senator the Hon Mark Arbib,03/03/2011,09/12/2011,Minister for Sport
Senator the Hon Mark Arbib,03/03/2011,09/12/2011,Minister for Social Housing and Homelessness
Senator the Hon Nick Sherry,03/03/2011,09/12/2011,Minister for Small Business
Senator the Hon Nick Sherry,03/03/2011,09/12/2011,Minister Assisting on Deregulation and Public Sector Superannuation
Senator the Hon Nick Sherry,03/03/2011,09/12/2011,Minister Assisting the Minister for Tourism
"The Hon Warren Snowdon, MP",03/03/2011,09/12/2011,Minister for Veterans' Affairs 
"The Hon Warren Snowdon, MP",03/03/2011,09/12/2011,Minister for Defence Science and Personnel
"The Hon Warren Snowdon, MP",03/03/2011,09/12/2011,Minister for Indigenous Health
"The Hon Warren Snowdon, MP",03/03/2011,09/12/2011,Minister Assisting the Prime Minister on the Centenary of ANZAC
"The Hon Bill Shorten, MP",03/03/2011,09/12/2011,Assistant Treasurer
"The Hon Bill Shorten, MP",03/03/2011,09/12/2011,Minister for Financial Services and Superannuation
"The Hon Mark Butler, MP",03/03/2011,09/12/2011,Minister for Mental Health and Ageing
"The Hon Gary Gray, AO, MP",03/03/2011,09/12/2011,Special Minister of State
"The Hon Gary Gray, AO, MP",03/03/2011,09/12/2011,Special Minister of State for the Public Service and Integrity
"The Hon Jason Clare, MP",03/03/2011,09/12/2011,Minister for Defence Materiel
"The Hon David Bradbury, MP",03/03/2011,09/12/2011,Parliamentary Secretary to the Treasurer
Senator the Hon Jacinta Collins,03/03/2011,09/12/2011,Parliamentary Secretary for School Education and Workplace Relations
"The Hon Julie Collins, MP",03/03/2011,09/12/2011,Parliamentary Secretary for Community Services
"The Hon Mark Dreyfus, QC, MP",03/03/2011,09/12/2011,Parliamentary Secretary for Climate Change and Energy Efficiency
"The Hon Mark Dreyfus, QC, MP",03/03/2011,09/12/2011,Cabinet Secretary
"The Hon Justine Elliot, MP",03/03/2011,09/12/2011,Parliamentary Secretary for Trade
Senator the Hon Don Farrell,03/03/2011,09/12/2011,Parliamentary Secretary for Sustainability and Urban Water
Senator the Hon David Feeney,03/03/2011,09/12/2011,Parliamentary Secretary for Defence
"The Hon Mike Kelly, AM, MP",03/03/2011,09/12/2011,"Parliamentary Secretary for Agriculture, Fisheries and Forestry"
"The Hon Catherine King, MP",03/03/2011,09/12/2011,Parliamentary Secretary for Health and Ageing
"The Hon Catherine King, MP",03/03/2011,09/12/2011,Parliamentary Secretary for Infrastructure and Transport
Senator the Hon Kate Lundy,03/03/2011,09/12/2011,Parliamentary Secretary for Immigration and Multicultural Affairs
Senator the Hon Kate Lundy,03/03/2011,09/12/2011,Parliamentary Secretary to the Prime Minister
The Hon Richard Marles,03/03/2011,09/12/2011,Parliamentary Secretary for Pacific Island Affairs
Senator the Hon Jan McLucas,03/03/2011,09/12/2011,Parliamentary Secretary for Disabilities and Carers
"The Hon Julia Gillard, MP",09/12/2011,14/12/2011,Prime Minister
"The Hon Wayne Swan, MP",09/12/2011,14/12/2011,Treasurer
"The Hon Wayne Swan, MP",09/12/2011,14/12/2011,Deputy Prime Minister
"The Hon Kevin Rudd, MP",09/12/2011,14/12/2011,Minister for Foreign Affairs
Senator the Hon Chris Evans,09/12/2011,14/12/2011,"Minister for Tertiary Education, Skills, Jobs and Workplace Relations"
Senator the Hon Chris Evans,09/12/2011,14/12/2011,Leader of the Government in the Senate
"The Hon Simon Crean, MP",09/12/2011,14/12/2011,"Minister for Regional Australia, Regional Development and Local Government"
"The Hon Simon Crean, MP",09/12/2011,14/12/2011,Minister for the Arts
"The Hon Stephen Smith, MP",09/12/2011,14/12/2011,Minister for Defence
"The Hon Stephen Smith, MP",09/12/2011,14/12/2011,Deputy Leader of the House
"The Hon Nicola Roxon, MP",09/12/2011,14/12/2011,Minister for Health and Ageing
"The Hon Jenny Macklin, MP",09/12/2011,14/12/2011,"Minister for Families, Housing, Community Services and Indigenous Affairs"
"The Hon Anthony Albanese, MP",09/12/2011,14/12/2011,Minister for Infrastructure and Transport
"The Hon Anthony Albanese, MP",09/12/2011,14/12/2011,Leader of the House
Senator the Hon Stephen Conroy,09/12/2011,14/12/2011,"Minister for Broadband, Communications and the Digital Economy"
Senator the Hon Stephen Conroy,09/12/2011,14/12/2011,Minister Assisting the Prime Minister on Digital Productivity
Senator the Hon Stephen Conroy,09/12/2011,14/12/2011,Deputy Leader of the Government in the Senate
Senator the Hon Kim Carr,09/12/2011,14/12/2011,"Minister for Innovation, Industry, Science and Research"
Senator the Hon Penny Wong,09/12/2011,14/12/2011,Minister for Finance and Deregulation
"The Hon Peter Garrett, AM, MP",09/12/2011,14/12/2011,"Minister for School Education, Early Childhood and Youth"
"The Hon Robert McClelland, MP",09/12/2011,14/12/2011,Attorney-General
"The Hon Robert McClelland, MP",09/12/2011,14/12/2011,Vice-President of the Executive Council
Senator the Hon Joseph Ludwig,09/12/2011,14/12/2011,"Minister for Agriculture, Fisheries and Forestry"
Senator the Hon Joseph Ludwig,09/12/2011,14/12/2011,Minister Assisting the Attorney-General on Queensland Floods Recovery
Senator the Hon Joseph Ludwig,09/12/2011,14/12/2011,Manager of Government Business in the Senate
"The Hon Tony Burke, MP",09/12/2011,14/12/2011,"Minister for Sustainability, Environment, Water, Population and Communities"
"The Hon Martin Ferguson, MP",09/12/2011,14/12/2011,Minister for Resources and Energy
"The Hon Martin Ferguson, MP",09/12/2011,14/12/2011,Minister for Tourism
"The Hon Chris Bowen, MP",09/12/2011,14/12/2011,Minister for Immigration and Citizenship
"The Hon Dr Craig Emerson, MP",09/12/2011,14/12/2011,Minister for Trade
"The Hon Greg Combet, AM, MP",09/12/2011,14/12/2011,Minister for Climate Change and Energy Efficiency
"The Hon Tanya Plibersek, MP",09/12/2011,14/12/2011,Minister for Human Services
"The Hon Tanya Plibersek, MP",09/12/2011,14/12/2011,Minister for Social Inclusion
"The Hon Brendan O'Connor, MP",09/12/2011,14/12/2011,Minister for Home Affairs
"The Hon Brendan O'Connor, MP",09/12/2011,14/12/2011,Minister for Justice
"The Hon Brendan O'Connor, MP",09/12/2011,14/12/2011,Minister for Privacy and Freedom of Information
"The Hon Kate Ellis, MP",09/12/2011,14/12/2011,Minister for Employment Participation and Childcare
"The Hon Kate Ellis, MP",09/12/2011,14/12/2011,Minister for the Status of Women
Senator the Hon Mark Arbib,09/12/2011,14/12/2011,Minister for Indigenous Employment and Economic Development
Senator the Hon Mark Arbib,09/12/2011,14/12/2011,Minister for Sport
Senator the Hon Mark Arbib,09/12/2011,14/12/2011,Minister for Social Housing and Homelessness
Senator the Hon Nick Sherry,09/12/2011,14/12/2011,Minister for Small Business
Senator the Hon Nick Sherry,09/12/2011,14/12/2011,Minister Assisting on Deregulation and Public Sector Superannuation
Senator the Hon Nick Sherry,09/12/2011,14/12/2011,Minister Assisting the Minister for Tourism
"The Hon Warren Snowdon, MP",09/12/2011,14/12/2011,Minister for Veterans' Affairs 
"The Hon Warren Snowdon, MP",09/12/2011,14/12/2011,Minister for Defence Science and Personnel
"The Hon Warren Snowdon, MP",09/12/2011,14/12/2011,Minister for Indigenous Health
"The Hon Warren Snowdon, MP",09/12/2011,14/12/2011,Minister Assisting the Prime Minister on the Centenary of ANZAC
"The Hon Bill Shorten, MP",09/12/2011,14/12/2011,Assistant Treasurer
"The Hon Bill Shorten, MP",09/12/2011,14/12/2011,Minister for Financial Services and Superannuation
"The Hon Mark Butler, MP",09/12/2011,14/12/2011,Minister for Mental Health and Ageing
"The Hon Mark Butler, MP",09/12/2011,14/12/2011,Minister Assisting the Prime Minister on Mental Health Reform
"The Hon Gary Gray, AO, MP",09/12/2011,14/12/2011,Special Minister of State
"The Hon Gary Gray, AO, MP",09/12/2011,14/12/2011,Special Minister of State for the Public Service and Integrity
"The Hon Jason Clare, MP",09/12/2011,14/12/2011,Minister for Defence Materiel
"The Hon David Bradbury, MP",09/12/2011,14/12/2011,Parliamentary Secretary to the Treasurer
Senator the Hon Jacinta Collins,09/12/2011,14/12/2011,Parliamentary Secretary for School Education and Workplace Relations
"The Hon Julie Collins, MP",09/12/2011,14/12/2011,Parliamentary Secretary for Community Services
"The Hon Mark Dreyfus, QC, MP",09/12/2011,14/12/2011,Parliamentary Secretary for Climate Change and Energy Efficiency
"The Hon Mark Dreyfus, QC, MP",09/12/2011,14/12/2011,Cabinet Secretary
"The Hon Justine Elliot, MP",09/12/2011,14/12/2011,Parliamentary Secretary for Trade
Senator the Hon Don Farrell,09/12/2011,14/12/2011,Parliamentary Secretary for Sustainability and Urban Water
Senator the Hon David Feeney,09/12/2011,14/12/2011,Parliamentary Secretary for Defence
"The Hon Mike Kelly, AM, MP",09/12/2011,14/12/2011,"Parliamentary Secretary for Agriculture, Fisheries and Forestry"
"The Hon Catherine King, MP",09/12/2011,14/12/2011,Parliamentary Secretary for Health and Ageing
"The Hon Catherine King, MP",09/12/2011,14/12/2011,Parliamentary Secretary for Infrastructure and Transport
Senator the Hon Kate Lundy,09/12/2011,14/12/2011,Parliamentary Secretary for Immigration and Multicultural Affairs
Senator the Hon Kate Lundy,09/12/2011,14/12/2011,Parliamentary Secretary to the Prime Minister
The Hon Richard Marles,09/12/2011,14/12/2011,Parliamentary Secretary for Pacific Island Affairs
Senator the Hon Jan McLucas,09/12/2011,14/12/2011,Parliamentary Secretary for Disabilities and Carers
"The Hon Julia Gillard, MP",14/12/2011,03/05/2012,Prime Minister
"The Hon Wayne Swan, MP",14/12/2011,03/05/2012,Treasurer
"The Hon Wayne Swan, MP",14/12/2011,03/05/2012,Deputy Prime Minister
Senator the Hon Chris Evans,14/12/2011,03/05/2012,"Minister for Tertiary Education, Skills, Science and Research"
Senator the Hon Chris Evans,14/12/2011,03/05/2012,Leader of the Government in the Senate
Senator the Hon Stephen Conroy,14/12/2011,03/05/2012,"Minister for Broadband, Communications and the Digital Economy"
Senator the Hon Stephen Conroy,14/12/2011,03/05/2012,Minister Assisting the Prime Minister on Digital Productivity
Senator the Hon Stephen Conroy,14/12/2011,03/05/2012,Deputy Leader of the Government in the Senate
"The Hon Simon Crean, MP",14/12/2011,03/05/2012,"Minister for Regional Australia, Regional Development and Local Government"
"The Hon Simon Crean, MP",14/12/2011,03/05/2012,Minister for the Arts
"The Hon Kevin Rudd, MP",14/12/2011,03/05/2012,Minister for Foreign Affairs
"The Hon Stephen Smith, MP",14/12/2011,03/05/2012,Minister for Defence
"The Hon Stephen Smith, MP",14/12/2011,03/05/2012,Deputy Leader of the House
"The Hon Chris Bowen, MP",14/12/2011,03/05/2012,Minister for Immigration and Citizenship
"The Hon Anthony Albanese, MP",14/12/2011,03/05/2012,Minister for Infrastructure and Transport
"The Hon Anthony Albanese, MP",14/12/2011,03/05/2012,Leader of the House
"The Hon Nicola Roxon, MP",14/12/2011,03/05/2012,Attorney-General
"The Hon Jenny Macklin, MP",14/12/2011,03/05/2012,"Minister for Families, Community Services and Indigenous Affairs"
"The Hon Jenny Macklin, MP",14/12/2011,03/05/2012,Minister for Disability Reform
"The Hon Tony Burke, MP",14/12/2011,03/05/2012,"Minister for Sustainability, Environment, Water, Population and Communities"
Senator the Hon Penny Wong,14/12/2011,03/05/2012,Minister for Finance and Deregulation
"The Hon Peter Garrett, AM, MP",14/12/2011,03/05/2012,"Minister for School Education, Early Childhood and Youth"
"The Hon Robert McClelland, MP",14/12/2011,03/05/2012,Minister for Housing
"The Hon Robert McClelland, MP",14/12/2011,03/05/2012,Minister for Homelessness
"The Hon Robert McClelland, MP",14/12/2011,03/05/2012,Minister for Emergency Management
"The Hon Robert McClelland, MP",14/12/2011,03/05/2012,Vice-President of the Executive Council
Senator the Hon Joseph Ludwig,14/12/2011,03/05/2012,"Minister for Agriculture, Fisheries and Forestry"
Senator the Hon Joseph Ludwig,14/12/2011,03/05/2012,Minister Assisting on Queensland Floods Recovery
"The Hon Martin Ferguson, MP",14/12/2011,03/05/2012,Minister for Resources and Energy
"The Hon Martin Ferguson, MP",14/12/2011,03/05/2012,Minister for Tourism
"The Hon Dr Craig Emerson, MP",14/12/2011,03/05/2012,Minister for Trade
"The Hon Greg Combet, AM, MP",14/12/2011,03/05/2012,Minister for Climate Change and Energy Efficiency
"The Hon Greg Combet, AM, MP",14/12/2011,03/05/2012,Minister for Industry and Innovation
"The Hon Tanya Plibersek, MP",14/12/2011,03/05/2012,Minister for Health
"The Hon Bill Shorten, MP",14/12/2011,03/05/2012,Minister for Employment and Workplace Relations
"The Hon Bill Shorten, MP",14/12/2011,03/05/2012,Minister for Financial Services and Superannuation
"The Hon Mark Butler, MP",14/12/2011,03/05/2012,Minister for Mental Health and Ageing
"The Hon Mark Butler, MP",14/12/2011,03/05/2012,Minister for Social Inclusion
"The Hon Mark Butler, MP",14/12/2011,03/05/2012,Minister Assisting the Prime Minister on Mental Health Reform
"The Hon Brendan O'Connor, MP",14/12/2011,03/05/2012,Minister for Human Services
"The Hon Brendan O'Connor, MP",14/12/2011,03/05/2012,Minister Assisting for School Education
Senator the Hon Kim Carr,14/12/2011,03/05/2012,Minister for Manufacturing
Senator the Hon Kim Carr,14/12/2011,03/05/2012,Minister for Defence Materiel
Senator the Hon Mark Arbib,14/12/2011,03/05/2012,Assistant Treasurer
Senator the Hon Mark Arbib,14/12/2011,03/05/2012,Minister for Small Business
Senator the Hon Mark Arbib,14/12/2011,03/05/2012,Minister for Sport
Senator the Hon Mark Arbib,14/12/2011,03/05/2012,Manager of Government Business in the Senate
"The Hon Kate Ellis, MP",14/12/2011,03/05/2012,Minister for Employment Participation
"The Hon Kate Ellis, MP",14/12/2011,03/05/2012,Minister for Early Childhood and Childcare
"The Hon Warren Snowdon, MP",14/12/2011,03/05/2012,Minister for Veterans' Affairs 
"The Hon Warren Snowdon, MP",14/12/2011,03/05/2012,Minister for Defence Science and Personnel
"The Hon Warren Snowdon, MP",14/12/2011,03/05/2012,Minister for Indigenous Health
"The Hon Warren Snowdon, MP",14/12/2011,03/05/2012,Minister Assisting the Prime Minister on the Centenary of ANZAC
"The Hon Gary Gray, AO, MP",14/12/2011,03/05/2012,Special Minister of State
"The Hon Gary Gray, AO, MP",14/12/2011,03/05/2012,Minister for the Public Service and Integrity
"The Hon Jason Clare, MP",14/12/2011,03/05/2012,Minister for Home Affairs 
"The Hon Jason Clare, MP",14/12/2011,03/05/2012,Minister for Justice
"The Hon Julie Collins, MP",14/12/2011,03/05/2012,Minister for Community Services 
"The Hon Julie Collins, MP",14/12/2011,03/05/2012,Minister for Indigenous Employment and Economic Development 
"The Hon Julie Collins, MP",14/12/2011,03/05/2012,Minister for the Status of Women
"The Hon Justine Elliot, MP",14/12/2011,03/05/2012,Parliamentary Secretary for Trade
"The Hon Mike Kelly, AM, MP",14/12/2011,03/05/2012,Parliamentary Secretary for Defence
The Hon Richard Marles,14/12/2011,03/05/2012,Parliamentary Secretary for Pacific Island Affairs
Senator the Hon Jan McLucas,14/12/2011,03/05/2012,Parliamentary Secretary for Disabilities and Carers
"The Hon David Bradbury, MP",14/12/2011,03/05/2012,Parliamentary Secretary to the Treasurer
Senator the Hon Jacinta Collins,14/12/2011,03/05/2012,Parliamentary Secretary for School Education and Workplace Relations
"The Hon Mark Dreyfus, QC, MP",14/12/2011,03/05/2012,Cabinet Secretary
"The Hon Mark Dreyfus, QC, MP",14/12/2011,03/05/2012,Parliamentary Secretary for Climate Change and Energy Efficiency
"The Hon Mark Dreyfus, QC, MP",14/12/2011,03/05/2012,Parliamentary Secretary for Industry and Innovation
Senator the Hon Don Farrell,14/12/2011,03/05/2012,Parliamentary Secretary for Sustainability and Urban Water
Senator the Hon David Feeney,14/12/2011,03/05/2012,Parliamentary Secretary for Defence
"The Hon Catherine King, MP",14/12/2011,03/05/2012,Parliamentary Secretary for Health and Ageing
"The Hon Catherine King, MP",14/12/2011,03/05/2012,Parliamentary Secretary for Infrastructure and Transport
Senator the Hon Kate Lundy,14/12/2011,03/05/2012,Parliamentary Secretary to the Prime Minister
Senator the Hon Kate Lundy,14/12/2011,03/05/2012,Parliamentary Secretary for Immigration and Multicultural Affairs
"The Hon Sid Sidebottom, MP",14/12/2011,03/05/2012,"Parliamentary Secretary for Agriculture, Fisheries and Forestry"
"The Hon Julia Gillard, MP",03/05/2012,28/10/2012,Prime Minister
"The Hon Wayne Swan, MP",03/05/2012,28/10/2012,Treasurer
"The Hon Wayne Swan, MP",03/05/2012,28/10/2012,Deputy Prime Minister
Senator the Hon Chris Evans,03/05/2012,28/10/2012,"Minister for Tertiary Education, Skills, Science and Research"
Senator the Hon Chris Evans,03/05/2012,28/10/2012,Leader of the Government in the Senate
Senator the Hon Stephen Conroy,03/05/2012,28/10/2012,"Minister for Broadband, Communications and the Digital Economy"
Senator the Hon Stephen Conroy,03/05/2012,28/10/2012,Minister Assisting the Prime Minister on Digital Productivity
Senator the Hon Stephen Conroy,03/05/2012,28/10/2012,Deputy Leader of the Government in the Senate
"The Hon Simon Crean, MP",03/05/2012,28/10/2012,"Minister for Regional Australia, Regional Development and Local Government"
"The Hon Simon Crean, MP",03/05/2012,28/10/2012,Minister for the Arts
"The Hon Stephen Smith, MP",03/05/2012,28/10/2012,Minister for Defence
"The Hon Stephen Smith, MP",03/05/2012,28/10/2012,Deputy Leader of the House
"The Hon Chris Bowen, MP",03/05/2012,28/10/2012,Minister for Immigration and Citizenship
"The Hon Anthony Albanese, MP",03/05/2012,28/10/2012,Minister for Infrastructure and Transport
"The Hon Anthony Albanese, MP",03/05/2012,28/10/2012,Leader of the House
"The Hon Nicola Roxon, MP",03/05/2012,28/10/2012,Attorney-General
"The Hon Nicola Roxon, MP",03/05/2012,28/10/2012,Minister for Emergency Management
"The Hon Jenny Macklin, MP",03/05/2012,28/10/2012,"Minister for Families, Community Services and Indigenous Affairs"
"The Hon Jenny Macklin, MP",03/05/2012,28/10/2012,Minister for Disability Reform
Senator the Hon Bob Carr,13/03/2012,28/10/2012,Minister for Foreign Affairs
"The Hon Kevin Rudd, MP",03/05/2012,13/03/2012,Minister for Foreign Affairs
"The Hon Tony Burke, MP",03/05/2012,28/10/2012,"Minister for Sustainability, Environment, Water, Population and Communities"
"The Hon Tony Burke, MP",03/05/2012,28/10/2012,Vice-President of the Executive Council
Senator the Hon Penny Wong,03/05/2012,28/10/2012,Minister for Finance and Deregulation
"The Hon Peter Garrett, AM, MP",03/05/2012,28/10/2012,"Minister for School Education, Early Childhood and Youth"
Senator the Hon Joseph Ludwig,03/05/2012,28/10/2012,"Minister for Agriculture, Fisheries and Forestry"
Senator the Hon Joseph Ludwig,03/05/2012,28/10/2012,Minister Assisting on Queensland Floods Recovery
"The Hon Martin Ferguson, MP",03/05/2012,28/10/2012,Minister for Resources and Energy
"The Hon Martin Ferguson, MP",03/05/2012,28/10/2012,Minister for Tourism
"The Hon Dr Craig Emerson, MP",03/05/2012,28/10/2012,Minister for Trade and Competitiveness
"The Hon Greg Combet, AM, MP",03/05/2012,28/10/2012,Minister for Climate Change and Energy Efficiency
"The Hon Greg Combet, AM, MP",03/05/2012,28/10/2012,Minister for Industry and Innovation
"The Hon Tanya Plibersek, MP",03/05/2012,28/10/2012,Minister for Health
"The Hon Bill Shorten, MP",03/05/2012,28/10/2012,Minister for Employment and Workplace Relations
"The Hon Bill Shorten, MP",03/05/2012,28/10/2012,Minister for Financial Services and Superannuation
"The Hon Mark Butler, MP",03/05/2012,28/10/2012,Minister for Mental Health and Ageing
"The Hon Mark Butler, MP",03/05/2012,28/10/2012,Minister for Social Inclusion
"The Hon Mark Butler, MP",03/05/2012,28/10/2012,Minister Assisting the Prime Minister on Mental Health Reform
"The Hon Brendan O'Connor, MP",03/05/2012,28/10/2012,Minister for Housing
"The Hon Brendan O'Connor, MP",03/05/2012,28/10/2012,Minister for Homelessness
"The Hon Brendan O'Connor, MP",03/05/2012,28/10/2012,Minister for Emergency Management
Senator the Hon Kim Carr,03/05/2012,28/10/2012,Minister for Human Services
"The Hon Kate Ellis, MP",03/05/2012,28/10/2012,Minister for Early Childhood and Childcare
"The Hon Kate Ellis, MP",03/05/2012,28/10/2012,Minister for Employment Participation
"The Hon Warren Snowdon, MP",03/05/2012,28/10/2012,Minister for Veterans' Affairs 
"The Hon Warren Snowdon, MP",03/05/2012,28/10/2012,Minister for Defence Science and Personnel
"The Hon Warren Snowdon, MP",03/05/2012,28/10/2012,Minister for Indigenous Health
"The Hon Warren Snowdon, MP",03/05/2012,28/10/2012,Minister Assisting the Prime Minister on the Centenary of ANZAC
"The Hon Gary Gray, AO, MP",03/05/2012,28/10/2012,Special Minister of State
"The Hon Gary Gray, AO, MP",03/05/2012,28/10/2012,Minister for the Public Service and Integrity
"The Hon Jason Clare, MP",03/05/2012,28/10/2012,Minister for Home Affairs 
"The Hon Jason Clare, MP",03/05/2012,28/10/2012,Minister for Justice
"The Hon Jason Clare, MP",03/05/2012,28/10/2012,Minister for Defence Materiel
"The Hon Julie Collins, MP",03/05/2012,28/10/2012,Minister for Community Services 
"The Hon Julie Collins, MP",03/05/2012,28/10/2012,Minister for Indigenous Employment and Economic Development 
"The Hon Julie Collins, MP",03/05/2012,28/10/2012,Minister for the Status of Women
"The Hon David Bradbury, MP",03/05/2012,28/10/2012,Assistant Treasurer 
"The Hon David Bradbury, MP",03/05/2012,28/10/2012,Minister Assisting for Deregulation
Senator the Hon Kate Lundy,03/05/2012,28/10/2012,Minister for Sport 
Senator the Hon Kate Lundy,03/05/2012,28/10/2012,Minister for Multicultural Affairs 
Senator the Hon Kate Lundy,03/05/2012,28/10/2012,Minister Assisting for Industry and Innovation
"The Hon Justine Elliot, MP",03/05/2012,28/10/2012,Parliamentary Secretary for Trade
"The Hon Mike Kelly, AM, MP",03/05/2012,28/10/2012,Parliamentary Secretary for Defence
The Hon Richard Marles,03/05/2012,28/10/2012,Parliamentary Secretary for Foreign Affairs
The Hon Richard Marles,03/05/2012,28/10/2012,Parliamentary Secretary for Pacific Island Affairs
Senator the Hon Jan McLucas,03/05/2012,28/10/2012,Parliamentary Secretary to the Prime Minister
Senator the Hon Jan McLucas,03/05/2012,28/10/2012,Parliamentary Secretary for Disabilities and Carers
Senator the Hon Jacinta Collins,03/05/2012,28/10/2012,Parliamentary Secretary for School Education and Workplace Relations
Senator the Hon Jacinta Collins,03/05/2012,28/10/2012,Manager of Government Business in the Senate
"The Hon Mark Dreyfus, QC, MP",03/05/2012,28/10/2012,Cabinet Secretary
"The Hon Mark Dreyfus, QC, MP",03/05/2012,28/10/2012,Parliamentary Secretary for Climate Change and Energy Efficiency
"The Hon Mark Dreyfus, QC, MP",03/05/2012,28/10/2012,Parliamentary Secretary for Industry and Innovation
Senator the Hon Don Farrell,03/05/2012,28/10/2012,Parliamentary Secretary for Sustainability and Urban Water
Senator the Hon David Feeney,03/05/2012,28/10/2012,Parliamentary Secretary for Defence
"The Hon Catherine King, MP",03/05/2012,28/10/2012,Parliamentary Secretary for Health and Ageing
"The Hon Catherine King, MP",03/05/2012,28/10/2012,Parliamentary Secretary for Infrastructure and Transport
"The Hon Sid Sidebottom, MP",03/05/2012,28/10/2012,"Parliamentary Secretary for Agriculture, Fisheries and Forestry"
"The Hon Bernie Ripoll, MP",03/05/2012,28/10/2012,Parliamentary Secretary to the Treasurer
"The Hon Sharon Bird, MP",03/05/2012,28/10/2012,Parliamentary Secretary for Higher Education and Skills
"The Hon Julia Gillard, MP",28/10/2012,02/04/2013,Prime Minister
"The Hon Wayne Swan, MP",28/10/2012,02/04/2013,Treasurer
"The Hon Wayne Swan, MP",28/10/2012,02/04/2013,Deputy Prime Minister
Senator the Hon Chris Evans,28/10/2012,02/04/2013,"Minister for Tertiary Education, Skills, Science and Research"
Senator the Hon Chris Evans,28/10/2012,02/04/2013,Leader of the Government in the Senate
Senator the Hon Stephen Conroy,28/10/2012,02/04/2013,"Minister for Broadband, Communications and the Digital Economy"
Senator the Hon Stephen Conroy,28/10/2012,02/04/2013,Minister Assisting the Prime Minister on Digital Productivity
Senator the Hon Stephen Conroy,28/10/2012,02/04/2013,Deputy Leader of the Government in the Senate
"The Hon Simon Crean, MP",28/10/2012,02/04/2013,"Minister for Regional Australia, Regional Development and Local Government"
"The Hon Simon Crean, MP",28/10/2012,02/04/2013,Minister for the Arts
"The Hon Stephen Smith, MP",28/10/2012,02/04/2013,Minister for Defence
"The Hon Stephen Smith, MP",28/10/2012,02/04/2013,Deputy Leader of the House
"The Hon Chris Bowen, MP",28/10/2012,02/04/2013,Minister for Immigration and Citizenship
"The Hon Anthony Albanese, MP",28/10/2012,02/04/2013,Minister for Infrastructure and Transport
"The Hon Anthony Albanese, MP",28/10/2012,02/04/2013,Leader of the House
"The Hon Nicola Roxon, MP",28/10/2012,02/04/2013,Attorney-General
"The Hon Nicola Roxon, MP",28/10/2012,02/04/2013,Minister for Emergency Management
"The Hon Jenny Macklin, MP",28/10/2012,02/04/2013,"Minister for Families, Community Services and Indigenous Affairs"
"The Hon Jenny Macklin, MP",28/10/2012,02/04/2013,Minister for Disability Reform
Senator the Hon Bob Carr,28/10/2012,02/04/2013,Minister for Foreign Affairs
"The Hon Tony Burke, MP",28/10/2012,02/04/2013,"Minister for Sustainability, Environment, Water, Population and Communities"
"The Hon Tony Burke, MP",28/10/2012,02/04/2013,Vice-President of the Executive Council
Senator the Hon Penny Wong,28/10/2012,02/04/2013,Minister for Finance and Deregulation
"The Hon Peter Garrett, AM, MP",28/10/2012,02/04/2013,"Minister for School Education, Early Childhood and Youth"
Senator the Hon Joseph Ludwig,28/10/2012,02/04/2013,"Minister for Agriculture, Fisheries and Forestry"
Senator the Hon Joseph Ludwig,28/10/2012,02/04/2013,Minister Assisting on Queensland Floods Recovery
"The Hon Martin Ferguson, MP",28/10/2012,02/04/2013,Minister for Resources and Energy
"The Hon Martin Ferguson, MP",28/10/2012,02/04/2013,Minister for Tourism
"The Hon Dr Craig Emerson, MP",28/10/2012,02/04/2013,Minister for Trade and Competitiveness
"The Hon Dr Craig Emerson, MP",28/10/2012,02/04/2013,Minister Assisting the Prime Minister on Asian Century Policy
"The Hon Greg Combet, AM, MP",28/10/2012,02/04/2013,Minister for Climate Change and Energy Efficiency
"The Hon Greg Combet, AM, MP",28/10/2012,02/04/2013,Minister for Industry and Innovation
"The Hon Tanya Plibersek, MP",28/10/2012,02/04/2013,Minister for Health
"The Hon Bill Shorten, MP",28/10/2012,02/04/2013,Minister for Employment and Workplace Relations
"The Hon Bill Shorten, MP",28/10/2012,02/04/2013,Minister for Financial Services and Superannuation
"The Hon Mark Butler, MP",28/10/2012,02/04/2013,Minister for Mental Health and Ageing
"The Hon Mark Butler, MP",28/10/2012,02/04/2013,Minister for Social Inclusion
"The Hon Mark Butler, MP",28/10/2012,02/04/2013,Minister Assisting the Prime Minister on Mental Health Reform
"The Hon Brendan O'Connor, MP",28/10/2012,02/04/2013,Minister for Housing
"The Hon Brendan O'Connor, MP",28/10/2012,02/04/2013,Minister for Homelessness
"The Hon Brendan O'Connor, MP",28/10/2012,02/04/2013,Minister for Emergency Management
Senator the Hon Kim Carr,28/10/2012,02/04/2013,Minister for Human Services
"The Hon Kate Ellis, MP",28/10/2012,02/04/2013,Minister for Early Childhood and Childcare
"The Hon Kate Ellis, MP",28/10/2012,02/04/2013,Minister for Employment Participation
"The Hon Warren Snowdon, MP",28/10/2012,02/04/2013,Minister for Veterans' Affairs 
"The Hon Warren Snowdon, MP",28/10/2012,02/04/2013,Minister for Defence Science and Personnel
"The Hon Warren Snowdon, MP",28/10/2012,02/04/2013,Minister for Indigenous Health
"The Hon Warren Snowdon, MP",28/10/2012,02/04/2013,Minister Assisting the Prime Minister on the Centenary of ANZAC
"The Hon Gary Gray, AO, MP",28/10/2012,02/04/2013,Special Minister of State
"The Hon Gary Gray, AO, MP",28/10/2012,02/04/2013,Minister for the Public Service and Integrity
"The Hon Jason Clare, MP",28/10/2012,02/04/2013,Minister for Home Affairs 
"The Hon Jason Clare, MP",28/10/2012,02/04/2013,Minister for Justice
"The Hon Jason Clare, MP",28/10/2012,02/04/2013,Minister for Defence Materiel
"The Hon Julie Collins, MP",28/10/2012,02/04/2013,Minister for Community Services 
"The Hon Julie Collins, MP",28/10/2012,02/04/2013,Minister for Indigenous Employment and Economic Development 
"The Hon Julie Collins, MP",28/10/2012,02/04/2013,Minister for the Status of Women
"The Hon David Bradbury, MP",28/10/2012,02/04/2013,Assistant Treasurer 
"The Hon David Bradbury, MP",28/10/2012,02/04/2013,Minister Assisting for Deregulation
Senator the Hon Kate Lundy,28/10/2012,02/04/2013,Minister for Sport 
Senator the Hon Kate Lundy,28/10/2012,02/04/2013,Minister for Multicultural Affairs 
Senator the Hon Kate Lundy,28/10/2012,02/04/2013,Minister Assisting for Industry and Innovation
"The Hon Justine Elliot, MP",28/10/2012,02/04/2013,Parliamentary Secretary for Trade
"The Hon Mike Kelly, AM, MP",28/10/2012,02/04/2013,Parliamentary Secretary for Defence
The Hon Richard Marles,28/10/2012,02/04/2013,Parliamentary Secretary for Foreign Affairs
The Hon Richard Marles,28/10/2012,02/04/2013,Parliamentary Secretary for Pacific Island Affairs
Senator the Hon Jan McLucas,28/10/2012,02/04/2013,Parliamentary Secretary to the Prime Minister
Senator the Hon Jan McLucas,28/10/2012,02/04/2013,Parliamentary Secretary for Disabilities and Carers
Senator the Hon Jacinta Collins,28/10/2012,02/04/2013,Parliamentary Secretary for School Education and Workplace Relations
Senator the Hon Jacinta Collins,28/10/2012,02/04/2013,Manager of Government Business in the Senate
"The Hon Mark Dreyfus, QC, MP",28/10/2012,02/04/2013,Cabinet Secretary
"The Hon Mark Dreyfus, QC, MP",28/10/2012,02/04/2013,Parliamentary Secretary for Climate Change and Energy Efficiency
"The Hon Mark Dreyfus, QC, MP",28/10/2012,02/04/2013,Parliamentary Secretary for Industry and Innovation
Senator the Hon Don Farrell,28/10/2012,02/04/2013,Parliamentary Secretary for Sustainability and Urban Water
Senator the Hon David Feeney,28/10/2012,02/04/2013,Parliamentary Secretary for Defence
"The Hon Catherine King, MP",28/10/2012,02/04/2013,Parliamentary Secretary for Health and Ageing
"The Hon Catherine King, MP",28/10/2012,02/04/2013,Parliamentary Secretary for Infrastructure and Transport
"The Hon Sid Sidebottom, MP",28/10/2012,02/04/2013,"Parliamentary Secretary for Agriculture, Fisheries and Forestry"
"The Hon Bernie Ripoll, MP",28/10/2012,02/04/2013,Parliamentary Secretary to the Treasurer
"The Hon Sharon Bird, MP",28/10/2012,02/04/2013,Parliamentary Secretary for Higher Education and Skills
"The Hon Julia Gillard, MP",02/04/2013,25/03/2013,Prime Minister
"The Hon Wayne Swan, MP",02/04/2013,25/03/2013,Treasurer
"The Hon Wayne Swan, MP",02/04/2013,25/03/2013,Deputy Prime Minister
Senator the Hon Stephen Conroy,02/04/2013,25/03/2013,"Minister for Broadband, Communications and the Digital Economy"
Senator the Hon Stephen Conroy,02/04/2013,25/03/2013,Minister Assisting the Prime Minister on Digital Productivity
Senator the Hon Stephen Conroy,02/04/2013,25/03/2013,Leader of the Government in the Senate
Senator the Hon Penny Wong,02/04/2013,25/03/2013,Minister for Finance and Deregulation
Senator the Hon Penny Wong,02/04/2013,25/03/2013,Deputy Leader of the Government in the Senate
"The Hon Simon Crean, MP",02/04/2013,25/03/2013,"Minister for Regional Australia, Regional Development and Local Government"
"The Hon Simon Crean, MP",02/04/2013,25/03/2013,Minister for the Arts
"The Hon Stephen Smith, MP",02/04/2013,25/03/2013,Minister for Defence
"The Hon Stephen Smith, MP",02/04/2013,25/03/2013,Deputy Leader of the House
"The Hon Chris Bowen, MP",02/04/2013,25/03/2013,"Minister for Tertiary Education, Skills, Science and Research"
"The Hon Chris Bowen, MP",02/04/2013,25/03/2013,Minister for Small Business
"The Hon Anthony Albanese, MP",02/04/2013,25/03/2013,Minister for Infrastructure and Transport
"The Hon Anthony Albanese, MP",02/04/2013,25/03/2013,Leader of the House
"The Hon Mark Dreyfus, QC, MP",02/04/2013,25/03/2013,Attorney-General
"The Hon Mark Dreyfus, QC, MP",02/04/2013,25/03/2013,Minister for Emergency Management
"The Hon Jenny Macklin, MP",02/04/2013,25/03/2013,"Minister for Families, Community Services and Indigenous Affairs"
"The Hon Jenny Macklin, MP",02/04/2013,25/03/2013,Minister for Disability Reform
Senator the Hon Bob Carr,02/04/2013,25/03/2013,Minister for Foreign Affairs
"The Hon Tony Burke, MP",02/04/2013,25/03/2013,"Minister for Sustainability, Environment, Water, Population and Communities"
"The Hon Tony Burke, MP",02/04/2013,25/03/2013,Vice-President of the Executive Council
"The Hon Peter Garrett, AM, MP",02/04/2013,25/03/2013,"Minister for School Education, Early Childhood and Youth"
Senator the Hon Joseph Ludwig,02/04/2013,25/03/2013,"Minister for Agriculture, Fisheries and Forestry"
Senator the Hon Joseph Ludwig,02/04/2013,25/03/2013,Minister Assisting on Queensland Floods Recovery
"The Hon Martin Ferguson, MP",02/04/2013,25/03/2013,Minister for Resources and Energy
"The Hon Martin Ferguson, MP",02/04/2013,25/03/2013,Minister for Tourism
"The Hon Dr Craig Emerson, MP",02/04/2013,25/03/2013,Minister for Trade and Competitiveness
"The Hon Dr Craig Emerson, MP",02/04/2013,25/03/2013,Minister Assisting the Prime Minister on Asian Century Policy
"The Hon Greg Combet, AM, MP",02/04/2013,25/03/2013,Minister for Climate Change and Energy Efficiency
"The Hon Greg Combet, AM, MP",02/04/2013,25/03/2013,Minister for Industry and Innovation
"The Hon Tanya Plibersek, MP",02/04/2013,25/03/2013,Minister for Health
"The Hon Bill Shorten, MP",02/04/2013,25/03/2013,Minister for Employment and Workplace Relations
"The Hon Bill Shorten, MP",02/04/2013,25/03/2013,Minister for Financial Services and Superannuation
"The Hon Mark Butler, MP",02/04/2013,25/03/2013,Minister for Mental Health and Ageing
"The Hon Mark Butler, MP",02/04/2013,25/03/2013,Minister for Social Inclusion
"The Hon Mark Butler, MP",02/04/2013,25/03/2013,Minister for Housing and Homelessness
"The Hon Mark Butler, MP",02/04/2013,25/03/2013,Minister Assisting the Prime Minister on Mental Health Reform
"The Hon Brendan O'Connor, MP",02/04/2013,25/03/2013,Minister for Immigration and Citizenship
Senator the Hon Kim Carr,02/04/2013,25/03/2013,Minister for Human Services
"The Hon Kate Ellis, MP",02/04/2013,25/03/2013,Minister for Early Childhood and Childcare
"The Hon Kate Ellis, MP",02/04/2013,25/03/2013,Minister for Employment Participation
"The Hon Warren Snowdon, MP",02/04/2013,25/03/2013,Minister for Veterans' Affairs 
"The Hon Warren Snowdon, MP",02/04/2013,25/03/2013,Minister for Defence Science and Personnel
"The Hon Warren Snowdon, MP",02/04/2013,25/03/2013,Minister for Indigenous Health
"The Hon Warren Snowdon, MP",02/04/2013,25/03/2013,Minister Assisting the Prime Minister on the Centenary of ANZAC
"The Hon Gary Gray, AO, MP",02/04/2013,25/03/2013,Special Minister of State
"The Hon Gary Gray, AO, MP",02/04/2013,25/03/2013,Minister for the Public Service and Integrity
"The Hon Jason Clare, MP",02/04/2013,25/03/2013,Minister for Home Affairs 
"The Hon Jason Clare, MP",02/04/2013,25/03/2013,Minister for Justice
"The Hon Jason Clare, MP",02/04/2013,25/03/2013,Cabinet Secretary
"The Hon Julie Collins, MP",02/04/2013,25/03/2013,Minister for Community Services 
"The Hon Julie Collins, MP",02/04/2013,25/03/2013,Minister for Indigenous Employment and Economic Development 
"The Hon Julie Collins, MP",02/04/2013,25/03/2013,Minister for the Status of Women
"The Hon David Bradbury, MP",02/04/2013,25/03/2013,Assistant Treasurer 
"The Hon David Bradbury, MP",02/04/2013,25/03/2013,Minister Assisting for Deregulation
Senator the Hon Kate Lundy,02/04/2013,25/03/2013,Minister for Sport 
Senator the Hon Kate Lundy,02/04/2013,25/03/2013,Minister for Multicultural Affairs 
Senator the Hon Kate Lundy,02/04/2013,25/03/2013,Minister Assisting for Industry and Innovation
"The Hon Mike Kelly, AM, MP",02/04/2013,25/03/2013,Minister for Defence Materiel
The Hon Richard Marles,02/04/2013,25/03/2013,Parliamentary Secretary for Foreign Affairs
The Hon Richard Marles,02/04/2013,25/03/2013,Parliamentary Secretary for Pacific Island Affairs
Senator the Hon Jan McLucas,02/04/2013,25/03/2013,Parliamentary Secretary to the Prime Minister
Senator the Hon Jan McLucas,02/04/2013,25/03/2013,Parliamentary Secretary for Disabilities and Carers
Senator the Hon Jacinta Collins,02/04/2013,25/03/2013,Parliamentary Secretary for School Education and Workplace Relations
Senator the Hon Jacinta Collins,02/04/2013,25/03/2013,Manager of Government Business in the Senate
Senator the Hon Don Farrell,02/04/2013,25/03/2013,Parliamentary Secretary for Sustainability and Urban Water
Senator the Hon David Feeney,02/04/2013,25/03/2013,Parliamentary Secretary for Defence
"The Hon Catherine King, MP",02/04/2013,25/03/2013,Parliamentary Secretary for Health and Ageing
"The Hon Catherine King, MP",02/04/2013,25/03/2013,Parliamentary Secretary for Infrastructure and Transport
"The Hon Sid Sidebottom, MP",02/04/2013,25/03/2013,"Parliamentary Secretary for Agriculture, Fisheries and Forestry"
"The Hon Bernie Ripoll, MP",02/04/2013,25/03/2013,Parliamentary Secretary to the Treasurer
"The Hon Sharon Bird, MP",02/04/2013,25/03/2013,Parliamentary Secretary for Higher Education and Skills
"The Hon Yvette D'Ath, MP",02/04/2013,25/03/2013,Parliamentary Secretary for Climate Change and Energy Efficiency
"The Hon Kelvin Thomson, MP",02/04/2013,25/03/2013,Parliamentary Secretary for Trade
The Hon Melissa Parke,02/04/2013,25/03/2013,"Parliamentary Secretary for Mental Health, Homelessness and Social Housing"
"The Hon Julia Gillard, MP",25/03/2013,,Prime Minister
"The Hon Wayne Swan, MP",25/03/2013,,Treasurer
"The Hon Wayne Swan, MP",25/03/2013,,Deputy Prime Minister
Senator the Hon Stephen Conroy,25/03/2013,,"Minister for Broadband, Communications and the Digital Economy"
Senator the Hon Stephen Conroy,25/03/2013,,Minister Assisting the Prime Minister on Digital Productivity
Senator the Hon Stephen Conroy,25/03/2013,,Leader of the Government in the Senate
Senator the Hon Penny Wong,25/03/2013,,Minister for Finance and Deregulation
Senator the Hon Penny Wong,25/03/2013,,Deputy Leader of the Government in the Senate
"The Hon Stephen Smith, MP",25/03/2013,,Minister for Defence
"The Hon Stephen Smith, MP",25/03/2013,,Deputy Leader of the House
"The Hon Anthony Albanese, MP",25/03/2013,,Minister for Infrastructure and Transport
"The Hon Anthony Albanese, MP",25/03/2013,,Leader of the House
"The Hon Mark Dreyfus, QC, MP",25/03/2013,,Attorney-General
"The Hon Mark Dreyfus, QC, MP",25/03/2013,,Minister for Emergency Management
"The Hon Jenny Macklin, MP",25/03/2013,,"Minister for Families, Community Services and Indigenous Affairs"
"The Hon Jenny Macklin, MP",25/03/2013,,Minister for Disability Reform
Senator the Hon Bob Carr,25/03/2013,,Minister for Foreign Affairs
"The Hon Tony Burke, MP",25/03/2013,,"Minister for Sustainability, Environment, Water, Population and Communities"
"The Hon Tony Burke, MP",25/03/2013,,Vice-President of the Executive Council
"The Hon Peter Garrett, AM, MP",25/03/2013,,"Minister for School Education, Early Childhood and Youth"
Senator the Hon Joseph Ludwig,25/03/2013,,"Minister for Agriculture, Fisheries and Forestry"
Senator the Hon Joseph Ludwig,25/03/2013,,Minister Assisting on Queensland Floods Recovery
"The Hon Dr Craig Emerson, MP",25/03/2013,,Minister for Trade and Competitiveness
"The Hon Dr Craig Emerson, MP",25/03/2013,,Minister Assisting the Prime Minister on Asian Century Policy
"The Hon Tanya Plibersek, MP",25/03/2013,,Minister for Health
"The Hon Bill Shorten, MP",25/03/2013,,Minister for Employment and Workplace Relations
"The Hon Bill Shorten, MP",25/03/2013,,Minister for Financial Services and Superannuation
"The Hon Mark Butler, MP",25/03/2013,,Minister for Mental Health and Ageing
"The Hon Mark Butler, MP",25/03/2013,,Minister for Social Inclusion
"The Hon Mark Butler, MP",25/03/2013,,Minister for Housing and Homelessness
"The Hon Mark Butler, MP",25/03/2013,,Minister Assisting the Prime Minister on Mental Health Reform
"The Hon Brendan O'Connor, MP",25/03/2013,,Minister for Immigration and Citizenship
"The Hon Kate Ellis, MP",25/03/2013,,Minister for Early Childhood and Childcare
"The Hon Kate Ellis, MP",25/03/2013,,Minister for Employment Participation
"The Hon Warren Snowdon, MP",25/03/2013,,Minister for Veterans' Affairs 
"The Hon Warren Snowdon, MP",25/03/2013,,Minister for Defence Science and Personnel
"The Hon Warren Snowdon, MP",25/03/2013,,Minister for Indigenous Health
"The Hon Warren Snowdon, MP",25/03/2013,,Minister Assisting the Prime Minister on the Centenary of ANZAC
"The Hon Jason Clare, MP",25/03/2013,,Minister for Home Affairs 
"The Hon Jason Clare, MP",25/03/2013,,Minister for Justice
"The Hon Jason Clare, MP",25/03/2013,,Cabinet Secretary
"The Hon Julie Collins, MP",25/03/2013,,Minister for Community Services 
"The Hon Julie Collins, MP",25/03/2013,,Minister for Indigenous Employment and Economic Development 
"The Hon Julie Collins, MP",25/03/2013,,Minister for the Status of Women
"The Hon David Bradbury, MP",25/03/2013,,Assistant Treasurer 
"The Hon David Bradbury, MP",25/03/2013,,Minister Assisting for Deregulation
Senator the Hon Kate Lundy,25/03/2013,,Minister for Sport 
Senator the Hon Kate Lundy,25/03/2013,,Minister for Multicultural Affairs 
Senator the Hon Kate Lundy,25/03/2013,,Minister Assisting for Industry and Innovation
"The Hon Mike Kelly, AM, MP",25/03/2013,,Minister for Defence Materiel
Senator the Hon Jacinta Collins,25/03/2013,,Parliamentary Secretary for School Education and Workplace Relations
Senator the Hon Jacinta Collins,25/03/2013,,Manager of Government Business in the Senate
Senator the Hon David Feeney,25/03/2013,,Parliamentary Secretary for Defence
"The Hon Sid Sidebottom, MP",25/03/2013,,"Parliamentary Secretary for Agriculture, Fisheries and Forestry"
"The Hon Yvette D'Ath, MP",25/03/2013,,Parliamentary Secretary for Climate Change and Energy Efficiency
"The Hon Kelvin Thomson, MP",25/03/2013,,Parliamentary Secretary for Trade
The Hon Melissa Parke,25/03/2013,,"Parliamentary Secretary for Mental Health, Homelessness and Social Housing"
"The Hon Gary Gray, AO, MP",25/03/2013,,Minister for Resources and Energy
"The Hon Gary Gray, AO, MP",25/03/2013,,Minister for Tourism
"The Hon Gary Gray, AO, MP",25/03/2013,,Minister for Small Business
Mark Dreyfus,25/03/2013,,Special Minister of State
Mark Dreyfus,25/03/2013,,Minister for the Public Service and Integrity
"The Hon Tony Burke, MP",25/03/2013,,Minister for the Arts
"The Hon Dr Craig Emerson, MP",25/03/2013,,"Minister for Tertiary Education, Skills, Science and Research."
Amanda Rishworth,25/03/2013,,Parliamentary Secretary for Sustainability and Urban Water
Andrew Leigh,25/03/2013,,Parliamentary Secretary to the Prime Minister
Amanda Rishworth,25/03/2013,,Parliamentary Secretary for Disabilities and Carers
Senator the Hon Jan McLucas,25/03/2013,,Minister for Human Services
"The Hon Greg Combet, AM, MP",25/03/2013,,"Minister for Climate Change, Industry and Innovation"
Matt Thistlethwaite,25/03/2013,,Parliamentary Secretary for Pacific Island Affairs
Anthony Albanese,25/03/2013,,Minister for Regional Development and Local Government
Shayne Neumann,25/03/2013,,Parliamentary Secretary for Health and Ageing
Bernie Ripoll,25/03/2013,,Parliamentary Secretary for Small Business
"The Hon Catherine King, MP",25/03/2013,,Minister for Road Safety
"The Hon Catherine King, MP",25/03/2013,,"Minister for Regional Services, Local Communities and Territories"
Michael Danby,25/03/2013,,Parliamentary Secretary for Arts
Don Farrell,25/03/2013,,Minister Assisting for Science and Research
Don Farrell,25/03/2013,,Minister Assisting on Tourism
"The Hon Sharon Bird, MP",25/03/2013,,Minister for Higher Education and Skills
Matt Thistlethwaite,25/03/2013,,Parliamentary Secretary for Multicultural Affairs
Shayne Neumann,25/03/2013,,Parliamentary Secretary to the Attorney-General