member count,person count,name,Division,State/Territory,Date of election,Type of election,Date ceased to be a Member,reason,Most recent party

1,,Anthony John Abbott,Warringah,NSW,26.3.1994,by_election,18.05.2019,defeated,LIB
3,,Dick Godfrey Harry Adams,Lyons,Tas.,13.3.1993,,7.9.2013,defeated,ALP
4,,Albert Evan Adermann,Fairfax,Qld,1.12.1984,,19.2.1990,retired,NPA
5,,Albert Evan Adermann,Fisher,Qld,2.12.1972,,1.12.1984,elected_elsewhere,NPA
6,,Anthony Norman Albanese,Grayndler,NSW,2.3.1996,,,still_in_office,ALP
7,,Kenneth James Aldred,Bruce,Vic.,28.5.1983,by_election,24.3.1990,elected_elsewhere,LIB
8,,Kenneth James Aldred,Deakin,Vic.,24.3.1990,,29.1.1996,retired,LIB
9,,Kenneth James Aldred,Henty,Vic.,13.12.1975,,18.10.1980,defeated,LIB
10,,John Duncan Anderson,Gwydir,NSW,15.4.1989,by_election,17.10.2007,retired,NP
11,,Peter James Andren,Calare,NSW,2.3.1996,,17.10.2007,retired,IND
12,,John Neil Andrew,Wakefield,SA,5.3.1983,,10.11.1998,changed_party,LIB
13,,Kevin James Andrews,Menzies,Vic.,11.5.1991,by_election,21.5.2022,retired,LIB
14,,John Douglas Anthony,Richmond,NSW,14.9.1957,by_election,18.1.1984,resigned,NPA
15,,Lawrence James Anthony,Richmond,NSW,2.3.1996,,9.10.2004,defeated,NP
16,,John Lindsay Armitage,Chifley,NSW,25.10.1969,,4.2.1983,retired,ALP
17,,John Lindsay Armitage,Mitchell,NSW,9.12.1961,,30.11.1963,defeated,ALP
18,,Rodney Alexander Atkinson,Isaacs,Vic.,24.3.1990,,2.3.1996,defeated,LIB
19,,Frances Esther Bailey,McEwen,Vic.,24.3.1990,,13.3.1993,defeated,LIB
20,,Frances Esther Bailey,McEwen,Vic.,2.3.1996,,21.8.2010,retired,LIB
21,,Marshall Baillieu,La Trobe,Vic.,13.12.1975,,18.10.1980,defeated,LIB
22,,Bruce George Baird,Cook,NSW,3.10.1998,,17.10.2007,retired,LIB
23,,Mark Horden Baker,Braddon,Tas.,9.10.2004,,24.11.2007,defeated,LIB
24,,Peter Jeremy Baldwin,Sydney,NSW,5.3.1983,,31.8.1998,retired,ALP
25,,Robert Charles Baldwin,Paterson,NSW,2.3.1996,,3.10.1998,defeated,LIB
26,,Robert Charles Baldwin,Paterson,NSW,10.11.2001,,9.5.2016,retired,LIB
27,,Phillip Anthony Barresi,Deakin,Vic.,2.3.1996,,24.11.2007,defeated,LIB
28,,Kerry Joseph Bartlett,Macquarie,NSW,2.3.1996,,24.11.2007,defeated,LIB
29,,Michael Ehrenfried Baume,Macarthur,NSW,13.12.1975,,5.3.1983,defeated,LIB
30,,Julian Howard Beale,Bruce,Vic.,24.3.1990,,2.3.1996,defeated,LIB
31,,Julian Howard Beale,Deakin,Vic.,1.12.1984,,24.3.1990,elected_elsewhere,LIB
32,,Kim Christian Beazley,Brand,WA,2.3.1996,,17.10.2007,retired,ALP
33,,Kim Christian Beazley,Swan,WA,18.10.1980,,2.3.1996,elected_elsewhere,ALP
34,,David Peter Beddall,Fadden,Qld,5.3.1983,,1.12.1984,elected_elsewhere,ALP
35,,David Peter Beddall,Rankin,Qld,1.12.1984,,31.8.1998,retired,ALP
36,,Archibald Ronald Bevis,Brisbane,Qld,24.3.1990,,21.8.2010,defeated,ALP
37,,James Mark Bidgood,Dawson,Qld,24.11.2007,,21.8.2010,retired,ALP
38,,Bruce Fredrick Billson,Dunkley,Vic.,2.3.1996,,9.5.2016,retired,LIB
39,,Gordon Neil Bilney,Kingston,SA,5.3.1983,,2.3.1996,defeated,ALP
40,,Sharon Leah Bird,Cunningham,NSW,9.10.2004,,21.5.2022,retired,ALP
41,,Reginald John Birney,Phillip,NSW,13.12.1975,,5.3.1983,defeated,LIB
42,,Bronwyn Kathleen Bishop,Mackellar,NSW,26.3.1994,by_election,12.11.2013,changed_party,LIB
43,,Julie Isabel Bishop,Curtin,WA,3.10.1998,,18.05.2019,retired,LIB
44,,Cecil Allen Blanchard,Moore,WA,5.3.1983,,24.3.1990,defeated,ALP
45,,Neal Blewett,Bonython,SA,10.12.1977,,11.2.1994,resigned,ALP
46,,Charles William Blunt,Richmond,NSW,18.2.1984,by_election,24.3.1990,defeated,NPA
47,,John William Bourchier,Bendigo,Vic.,2.12.1972,,5.3.1983,defeated,LIB
48,,Christopher Eyles Bowen,Prospect,NSW,9.10.2004,,21.8.2010,elected_elsewhere,ALP
49,,Lionel Frost Bowen,Kingsford Smith,NSW,25.10.1969,,19.2.1990,retired,ALP
50,,David John Bradbury,Lindsay,NSW,24.11.2007,,7.9.2013,defeated,ALP
51,,James Mark Bradfield,Barton,NSW,13.12.1975,,5.3.1983,defeated,LIB
52,,John Walter Bradford,McPherson,Qld,24.3.1990,,3.10.1998,defeated,CDP
53,,Raymond Allen Braithwaite,Dawson,Qld,13.12.1975,,29.1.1996,retired,NPA
54,,Laurence John Brereton,Kingsford Smith,NSW,24.3.1990,,31.8.2004,retired,ALP
55,,Russell Evan Broadbent,Corinella,Vic.,24.3.1990,,13.3.1993,defeated,LIB
56,,Russell Evan Broadbent,McMillan,Vic.,2.3.1996,,3.10.1998,defeated,LIB
57,,Russell Evan Broadbent,McMillan,Vic.,9.10.2004,,18.05.2019,elected_elsewhere,LIB
58,,Malcolm Thomas Brough,Longman,Qld,2.3.1996,,24.11.2007,defeated,LIB
59,,John Joseph Brown,Parramatta,NSW,10.12.1977,,19.2.1990,retired,ALP
# TODO: Joseph Tilley Brown should be removed when possible,,,,,,,,,
60,,Joseph Tilley Brown,Indi,Vic.,12.12.1906,,13.4.1910,defeated,ANTI-SOC
62,74,Robert James Brown,Charlton,NSW,1.12.1984,,31.8.1998,retired,ALP
63,74,Robert James Brown,Hunter,NSW,18.10.1980,,1.12.1984,elected_elsewhere,ALP
64,,John Mansfield Brumby,Bendigo,Vic.,5.3.1983,,24.3.1990,defeated,ALP
65,,Gordon Munro Bryant,Wills,Vic.,10.12.1955,,19.9.1980,retired,ALP
66,,Melville Harold Bungey,Canning,WA,18.5.1974,,5.3.1983,defeated,LIB
67,,Ms Anna Elizabeth Burke,Chisholm,Vic.,3.10.1998,,11.2.2008,changed_party,ALP
68,,Ms Anna Elizabeth Burke,Chisholm,Vic.,12.2.2008,changed_party,09.10.2012,changed_party,CWM
69,,Mr Anthony Stephen Burke,Watson,NSW,9.10.2004,,,still_in_office,ALP
70,,William George Burns,Isaacs,Vic.,10.12.1977,,18.10.1980,defeated,LIB
71,,Maxwell Arthur Burr,Lyons,Tas.,1.12.1984,,8.2.1993,retired,LIB
72,,Maxwell Arthur Burr,Wilmot,Tas.,13.12.1975,,1.12.1984,elected_elsewhere,LIB
73,,Mark Christopher Butler,Port Adelaide,SA,24.11.2007,,18.05.2019,elected_elsewhere,ALP
74,,Anthony Michael Byrne,Holt,Vic.,6.11.1999,by_election,21.5.2022,retired,ALP
76,,Alan Glyndwr Cadman,Mitchell,NSW,18.5.1974,,17.10.2007,retired,LIB
77,,Stephen Edward Calder,Northern Territory,NT,26.11.1966,,19.9.1980,retired,NCP
78,,Clyde Robert Cameron,Hindmarsh,SA,10.12.1949,,19.9.1980,retired,ALP
79,,Donald Milner Cameron,Fadden,Qld,10.12.1977,,5.3.1983,defeated,LIB
80,,Donald Milner Cameron,Griffith,Qld,26.11.1966,,10.12.1977,elected_elsewhere,LIB
81,,Donald Milner Cameron,Moreton,Qld,5.11.1983,by_election,24.3.1990,defeated,LIB
82,,Eoin Harrap Cameron,Stirling,WA,13.3.1993,,3.10.1998,defeated,LIB
83,,Ewen Colin Cameron,Indi,Vic.,10.12.1977,,8.2.1993,retired,LIB
84,,Ian Milne Dixon Cameron,Maranoa,Qld,18.10.1980,,19.2.1990,retired,NPA
85,,Ross Alexander Cameron,Parramatta,NSW,2.3.1996,,9.10.2004,defeated,LIB
86,,Graeme Campbell,Kalgoorlie,WA,18.10.1980,,3.10.1998,defeated,IND
87,,Jodie Louise Campbell,Bass,Tas,24.11.2007,,21.8.2010,retired,ALP
88,,James Joseph Carlton,Mackellar,NSW,10.12.1977,,14.1.1994,resigned,LIB
89,,Moses Henry Cass,Maribyrnong,Vic.,25.10.1969,,4.2.1983,retired,ALP
90,,Robert Catley,Adelaide,SA,24.3.1990,,13.3.1993,defeated,ALP
91,,James Howard Catts,Cook,NSW,12.12.1906,,16.12.1922,defeated,ALP
92,,Ian Raymond Causley,Page,NSW,2.3.1996,,11.2.2002,changed_party,NP
93,,Ian Raymond Causley,Page,NSW,11.2.2002,changed_party,17.10.2007,retired,CWM
94,,Nicholas David Champion,Wakefield,SA,24.11.2007,,18.05.2019,elected_elsewhere,ALP
95,,Frederick Michael Chaney,Pearce,WA,24.3.1990,,8.2.1993,retired,LIB
96,,Hedley Grant Pearson Chapman,Kingston,SA,13.12.1975,,5.3.1983,defeated,LIB
97,,David Ernest Charles,Isaacs,Vic.,18.10.1980,,19.2.1990,retired,ALP
98,,Robert Edwin Charles,La Trobe,Vic.,24.3.1990,,31.8.2004,retired,LIB
99,,Joan Child,Henty,Vic.,18.10.1980,,11.2.1986,changed_party,ALP
100,,Richard Ian Charlesworth,Perth,WA,5.3.1983,,8.2.1993,retired,ALP
101,,Darren Leicester Cheeseman,Corangamite,Vic,24.11.2007,,7.9.2013,defeated,ALP
102,,Robert Leslie Chynoweth,Dunkley,Vic.,1.12.1984,,24.3.1990,defeated,ALP
103,,Robert Leslie Chynoweth,Dunkley,Vic.,13.3.1993,,2.3.1996,defeated,ALP
104,,Robert Leslie Chynoweth,Flinders,Vic.,5.3.1983,,1.12.1984,elected_elsewhere,ALP
105,,Steven Michele Ciobo,Moncrieff,Qld,10.11.2001,,18.05.2019,retired,LIB
106,,Jason Dean Clare,Blaxland,NSW,24.11.2007,,,still_in_office,ALP
107,,Philip Ronald Cleary,Wills,Vic.,11.4.1992,by_election,25.11.1992,declared_void,IND
108,,Philip Ronald Cleary,Wills,Vic.,13.3.1993,,2.3.1996,defeated,IND
109,,Peter Robert Cleeland,McEwen,Vic.,1.12.1984,,24.3.1990,defeated,ALP
110,,Peter Robert Cleeland,McEwen,Vic.,13.3.1993,,2.3.1996,defeated,ALP
111,,John Kenneth Cobb,Calare,NSW,24.11.2007,,9.5.2016,retired,NP
112,,Michael Roy Cobb,Parkes,NSW,1.12.1984,,31.8.1998,retired,NPA
113,,Barry Cohen,Robertson,NSW,25.10.1969,,19.2.1990,retired,ALP
114,,William Peter Coleman,Wentworth,NSW,11.4.1981,by_election,5.6.1987,retired,LIB
115,,Julie Maree Collins,Franklin,Tas,24.11.2007,,,still_in_office,ALP
116,,Gregory Ivan Combet,Charlton,NSW,24.11.2007,,5.8.2013,resigned,ALP
117,,David Miles Connolly,Bradfield,NSW,18.5.1974,,29.1.1996,retired,LIB
118,,Bryan Joseph Conquest,Hinkler,Qld,1.12.1984,,11.7.1987,defeated,NPA
119,,James Corbett,Maranoa,Qld,26.11.1966,,19.9.1980,retired,NCP
120,,Ann Kathleen Corcoran,Isaacs,Vic.,12.8.2000,by_election,17.10.2007,retired,ALP
121,,Peter Howard Costello,Higgins,Vic.,24.3.1990,,19.10.2009,resigned,LIB
122,,John Francis Cotter,Kalgoorlie,WA,13.12.1975,,18.10.1980,defeated,LIB
123,,Mark Maclean Coulton,Parkes,NSW,24.11.2007,,30.8.2016,changed_party,Nats
124,,Brian William Courtice,Hinkler,Qld,11.7.1987,,13.3.1993,defeated,ALP
125,,David Bruce Cowan,Lyne,NSW,18.10.1980,,8.2.1993,retired,NPA
126,,David Alexander Cox,Kingston,SA,3.10.1998,,9.10.2004,defeated,ALP
127,,Mary Catherine Crawford,Forde,Qld,11.7.1987,,2.3.1996,defeated,ALP
128,,Simon Findlay Crean,Hotham,Vic.,24.3.1990,,5.8.2013,retired,ALP
130,,Janice Ann Crosio,Prospect,NSW,24.3.1990,,31.8.2004,retired,ALP
131,,Barry Thomas Cunningham,McMillan,Vic.,18.10.1980,,24.3.1990,defeated,ALP
132,,Barry Thomas Cunningham,McMillan,Vic.,13.3.1993,,2.3.1996,defeated,ALP
133,,Yvette Maree D'Ath,Petrie,Qld,24.11.2007,,7.9.2013,defeated,ALP
134,,Michael David Danby,Melbourne Ports,Vic.,3.10.1998,,18.05.2019,retired,ALP
135,,Steven John Dargavel,Fraser,ACT,1.2.1997,by_election,31.8.1998,retired,ALP
136,,John Sydney Dawkins,Fremantle,WA,10.12.1977,,4.2.1994,resigned,ALP
137,,Elaine Elizabeth Darling,Lilley,Qld,18.10.1980,,8.2.1993,retired,ALP
138,,Margaret Joan Deahm,Macquarie,NSW,13.3.1993,,2.3.1996,defeated,ALP
139,,Arthur Gordon Dean,Herbert,Qld,10.12.1977,,5.3.1983,defeated,LIB
140,,Robert John Debus,Macquarie,NSW,24.11.2007,,21.8.2010,retired,ALP
142,,James Donald Mathieson Dobie,Cook,NSW,13.12.1975,,29.1.1996,retired,LIB
143,,James Donald Mathieson Dobie,Cook,NSW,25.10.1969,,2.12.1972,defeated,LIB
144,,James Donald Mathieson Dobie,Hughes,NSW,26.11.1966,,25.10.1969,elected_elsewhere,LIB
145,,Peter George Dodd,Leichhardt,Qld,13.3.1993,,2.3.1996,defeated,ALP
146,,Nicholas Manuel Dondas,Northern Territory,NT,2.3.1996,,3.10.1998,defeated,CLP
147,,Alexander John Gosse Downer,Mayo,SA,1.12.1984,,14.7.2008,resigned,LIB
148,,Patricia Draper,Makin,SA,2.3.1996,,17.10.2007,retired,LIB
149,,Mark Alfred Dreyfus,Isaacs,Vic,24.11.2007,,,still_in_office,ALP
150,,Peter Hertford Drummond,Forrest,WA,2.12.1972,,5.6.1987,retired,LIB
151,,Stephen Cairfield Dubois,St George,NSW,1.12.1984,,8.2.1993,retired,ALP
152,,Michael John Duffy,Holt,Vic.,18.10.1980,,29.1.1996,retired,ALP
153,,Peter Duncan,Makin,SA,1.12.1984,,2.3.1996,defeated,ALP
154,,Peter Craig Dutton,Dickson,Qld,10.11.2001,,3.5.2025,defeated,LIB
155,,Mary Louise Easson,Lowe,NSW,13.3.1993,,2.3.1996,defeated,ALP
156,,Graham John Edwards,Cowan,WA,3.10.1998,,17.10.2007,retired,ALP
157,,Harold Raymond Edwards,Berowra,NSW,2.12.1972,,8.2.1993,retired,LIB
158,,Ronald Frederick Edwards,Stirling,WA,5.3.1983,,13.3.1993,defeated,ALP
159,,Robert James Ellicott,Wentworth,NSW,18.5.1974,,17.2.1981,resigned,LIB
160,,Justine Elliot,Richmond,NSW,9.10.2004,,,still_in_office,ALP
161,,Robert Paul Elliott,Parramatta,NSW,24.3.1990,,2.3.1996,defeated,ALP
162,,Annette Louise Ellis,Canberra,ACT,3.10.1998,,21.8.2010,retired,ALP
163,,Katherine Margaret Ellis,Adelaide,SA,9.10.2004,,18.05.2019,retired,ALP
164,,Kay Selma Elson,Forde,Qld,2.3.1996,,17.10.2007,retired,LIB
165,,Craig Anthony Emerson,Rankin,Qld,3.10.1998,,5.8.2013,retired,ALP
166,,Warren George Entsch,Leichhardt,Qld,2.3.1996,,17.10.2007,retired,LIB
167,,Gareth John Evans,Holt,Vic.,2.3.1996,,30.9.1999,resigned,ALP
168,,Martyn John Evans,Bonython,SA,19.3.1994,by_election,9.10.2004,defeated,ALP
169,,Richard David Conroy Evans,Capricornia,Qld,10.12.1977,,26.10.1984,retired,ALP
170,,Richard David Conroy Evans,Cowan,WA,13.3.1993,,3.10.1998,defeated,LIB
171,,Paul Anthony Edward Everingham,Northern Territory,NT,1.12.1984,,5.6.1987,retired,LIB
172,,John Joseph Fahey,Macarthur,NSW,2.3.1996,,8.10.2001,retired,LIB
173,,Peter David Falconer,Casey,Vic.,13.12.1975,,5.3.1983,defeated,LIB
174,,Patrick Francis Farmer,Macarthur,NSW,10.11.2001,,21.8.2010,retired,LIB
175,,Wendy Frances Fatin,Brand,WA,1.12.1984,,29.1.1996,retired,ALP
176,,Wendy Frances Fatin,Canning,WA,5.3.1983,,1.12.1984,elected_elsewhere,ALP
177,,David Julian Fawcett,Wakefield,SA,9.10.2004,,24.11.2007,defeated,LIB
178,,Laurie Donald Thomas Ferguson,Reid,NSW,24.3.1990,,21.8.2010,elected_elsewhere,ALP
179,,Martin John Ferguson,Batman,Vic.,2.3.1996,,5.8.2013,retired,ALP
180,,Michael Darrel Ferguson,Bass,Tas.,9.10.2004,,24.11.2007,defeated,LIB
181,,Wallace Clyde Fife,Farrer,NSW,13.12.1975,,1.12.1984,elected_elsewhere,LIB
182,,Wallace Clyde Fife,Hume,NSW,1.12.1984,,8.2.1993,retired,LIB
183,,Paul Anthony Filing,Moore,WA,24.3.1990,,3.10.1998,defeated,IND
184,,Timothy Andrew Fischer,Farrer,NSW,1.12.1984,,8.10.2001,retired,NPA
185,,Peter Stanley Fisher,Mallee,Vic.,2.12.1972,,8.2.1993,retired,NPA
186,,Eric John Fitzgibbon,Hunter,NSW,1.12.1984,,29.1.1996,retired,ALP
187,,Joel Andrew Fitzgibbon,Hunter,NSW,2.3.1996,,21.5.2022,retired,ALP
188,,John Fitzpatrick,Darling,NSW,25.10.1969,,10.12.1977,elected_elsewhere,ALP
189,,John Fitzpatrick,Riverina,NSW,10.12.1977,,19.9.1980,retired,ALP
190,,Frank Allen Ford,Dunkley,Vic.,24.3.1990,,13.3.1993,defeated,LIB
191,,John Alexander Forrest,Mallee,Vic.,13.3.1993,,5.8.2013,retired,NP
192,,Ross Vincent Free,Lindsay,NSW,1.12.1984,,2.3.1996,defeated,ALP
193,,Ross Vincent Free,Macquarie,NSW,18.10.1980,,1.12.1984,elected_elsewhere,ALP
194,,Kenneth Lionel Fry,Fraser,ACT,18.5.1974,,26.10.1984,retired,ALP
195,,Christine Ann Gallus,Hawker,SA,24.3.1990,,13.3.1993,elected_elsewhere,LIB
196,,Christine Ann Gallus,Hindmarsh,SA,13.3.1993,,31.8.2004,retired,LIB
197,,Teresa Gambaro,Petrie,Qld,2.3.1996,,24.11.2007,defeated,LIB
198,,Ransley Victor Garland,Curtin,WA,19.4.1969,by_election,22.1.1981,resigned,LIB
199,,Peter Robert Garrett,Kingsford Smith,NSW,9.10.2004,,5.8.2013,retired,ALP
200,,Joanna Gash,Gilmore,NSW,2.3.1996,,5.8.2013,retired,LIB
201,,John Gayler,Leichhardt,Qld,5.3.1983,,8.2.1993,retired,ALP
202,,George Gear,Canning,WA,1.12.1984,,2.3.1996,defeated,ALP
203,,George Gear,Tangney,WA,5.3.1983,,1.12.1984,elected_elsewhere,ALP
204,,Steven Georganas,Hindmarsh,SA,9.10.2004,,7.9.2013,defeated,ALP
205,,Jennie George,Throsby,NSW,10.11.2001,,21.8.2010,retired,ALP
206,,Petro Georgiou,Kooyong,Vic.,19.11.1994,by_election,21.8.2010,retired,LIB
207,,Jane Frances Gerick,Canning,WA,3.10.1998,,10.11.2001,defeated,ALP
208,,Stephen William Gibbons,Bendigo,Vic.,3.10.1998,,5.8.2013,retired,ALP
209,,Garrie David Gibson,Moreton,Qld,24.3.1990,,2.3.1996,defeated,ALP
210,,Geoffrey O'Halloran Giles,Angas,SA,20.6.1964,by_election,10.12.1977,elected_elsewhere,LIB
211,,Geoffrey O'Halloran Giles,Wakefield,SA,10.12.1977,,4.2.1983,retired,LIB
212,,Julia Eileen Gillard,Lalor,Vic.,3.10.1998,,5.8.2013,retired,ALP
213,,Reginald Gillard,Macquarie,NSW,13.12.1975,,18.10.1980,defeated,LIB
214,,Bruce John Goodluck,Franklin,Tas.,13.12.1975,,8.2.1993,retired,LIB
215,,Russell Neville Joseph Gorman,Chifley,NSW,5.3.1983,,1.12.1984,elected_elsewhere,ALP
216,,Russell Neville Joseph Gorman,Greenway,NSW,1.12.1984,,29.1.1996,retired,ALP
217,,Edward Laurence Grace,Fowler,NSW,1.12.1984,,31.8.1998,retired,ALP
218,,Elizabeth Jane Grace,Lilley,Qld,2.3.1996,,3.10.1998,defeated,LIB
219,,Bruce William Graham,North Sydney,NSW,26.11.1966,,19.9.1980,retired,LIB
220,,Bruce William Graham,St George,NSW,10.12.1949,,29.5.1954,defeated,LIB
221,,Bruce William Graham,St George,NSW,10.12.1955,,22.11.1958,defeated,LIB
222,,Gary Gray,Brand,WA,24.11.2007,,9.5.2016,retired,ALP
223,,Sharon Joy Grierson,Newcastle,NSW,10.11.2001,,5.8.2013,retired,ALP
224,,Alan Peter Griffin,Bruce,Vic.,2.3.1996,,9.5.2016,retired,ALP
225,,Alan Peter Griffin,Corinella,Vic.,13.3.1993,,2.3.1996,elected_elsewhere,ALP
226,,Alan Gordon Griffiths,Maribyrnong,Vic.,5.3.1983,,29.1.1996,retired,ALP
227,,Raymond John Groom,Braddon,Tas.,13.12.1975,,26.10.1984,retired,LIB
228,,Barry Wayne Haase,Kalgoorlie,WA,3.10.1998,,21.8.2010,elected_elsewhere,LIB
229,,Damian Francis Hale,Solomon,NT,24.11.2007,,21.8.2010,defeated,ALP
230,,Jill Griffiths Hall,Shortland,NSW,3.10.1998,,9.5.2016,retired,ALP
231,,Raymond Steele Hall,Boothby,SA,21.2.1981,by_election,29.1.1996,retired,LIB
232,,Robert George Halverson,Casey,Vic.,1.12.1984,,30.4.1996,changed_party,LIB
233,,Gerard Leslie Hand,Melbourne,Vic.,5.3.1983,,8.2.1993,retired,ALP
234,,Pauline Lee Hanson,Oxley,Qld,2.3.1996,,3.10.1998,defeated,PHON
235,,Gary Douglas Hardgrave,Moreton,Qld,2.3.1996,,24.11.2007,defeated,LIB
236,,Graham McDonald Harris,Chisholm,Vic.,18.10.1980,,5.3.1983,defeated,LIB
237,,Luke Hartsuyker,Cowper,NSW,10.11.2001,,18.05.2019,retired,NP
238,,Elizabeth Robyn Harvey,Hawker,SA,11.7.1987,,24.3.1990,defeated,ALP
239,,John Whitton Haslem,Canberra,ACT,13.12.1975,,18.10.1980,defeated,LIB
240,,Michael John Hatton,Blaxland,NSW,15.6.1996,by_election,17.10.2007,retired,ALP
241,,Christopher Douglas Haviland,Macarthur,NSW,13.3.1993,,29.1.1996,retired,ALP
242,,Alexander George Hawke,Mitchell,NSW,24.11.2007,,,still_in_office,LIB
243,,Robert James Lee Hawke,Wills,Vic.,18.10.1980,,20.2.1992,resigned,ALP
244,,David Peter Maxwell Hawker,Wannon,Vic.,7.5.1983,by_election,15.11.2004,changed_party,LIB
245,,David Peter Maxwell Hawker,Wannon,Vic.,16.11.2004,changed_party,17.10.2007,changed_party,SPK
246,,David Peter Maxwell Hawker,Wannon,Vic.,17.10.2007,changed_party,21.8.2010,retired,LIB
247,,William George Hayden,Oxley,Qld,9.12.1961,,17.8.1988,resigned,ALP
248,,Christopher Patrick Hayes,Werriwa,NSW,19.3.2005,by_election,21.8.2010,elected_elsewhere,ALP
249,,Stuart Irwin Henry,Hasluck,WA,9.10.2004,,24.11.2007,defeated,LIB
250,,Marjorie Madeline Henzell,Capricornia,Qld,13.3.1993,,2.3.1996,defeated,ALP
251,,John Robert Hewson,Wentworth,NSW,11.7.1987,,28.2.1995,resigned,LIB
252,,Noel Jeffrey Hicks,Riverina,NSW,13.3.1993,,31.8.1998,retired,NPA
253,,Noel Jeffrey Hicks,Riverina,NSW,18.10.1980,,1.12.1984,elected_elsewhere,NPA
254,,Noel Jeffrey Hicks,Riverina-Darling,NSW,1.12.1984,,13.3.1993,elected_elsewhere,NPA
255,,Kelly Joy Hoare,Charlton,NSW,3.10.1998,,17.10.2007,retired,ALP
256,,Joseph Benedict Hockey,North Sydney,NSW,2.3.1996,,23.10.2015,retired,LIB
257,,John Charles Hodges,Petrie,Qld,18.5.1974,,5.3.1983,defeated,LIB
258,,John Charles Hodges,Petrie,Qld,1.12.1984,,11.7.1987,defeated,LIB
259,,Michael William Hodgman,Denison,Tas.,13.12.1975,,11.7.1987,defeated,LIB
260,,Allan Clyde Holding,Melbourne Ports,Vic.,10.12.1977,,31.8.1998,retired,ALP
261,,Colin Hollis,Macarthur,NSW,5.3.1983,,1.12.1984,elected_elsewhere,ALP
262,,Colin Hollis,Throsby,NSW,1.12.1984,,8.10.2001,retired,ALP
263,,Robert Hodges Horne,Paterson,NSW,13.3.1993,,2.3.1996,defeated,ALP
264,,Robert Hodges Horne,Paterson,NSW,3.10.1998,,10.11.2001,defeated,ALP
265,,John Winston Howard,Bennelong,NSW,18.5.1974,,24.11.2007,defeated,LIB
266,,Brian Leslie Howe,Batman,Vic.,10.12.1977,,29.1.1996,retired,ALP
267,,Kay Elizabeth Hull,Riverina,NSW,3.10.1998,,21.8.2010,retired,NPA
268,,Rob Justin Hulls,Kennedy,Qld,24.3.1990,,13.3.1993,defeated,ALP
269,,Benjamin Charles Humphreys,Griffith,Qld,10.12.1977,,29.1.1996,retired,ALP
270,,Gregory Andrew Hunt,Flinders,Vic.,10.11.2001,,21.5.2022,retired,LIB
271,,Ralph James Dunnet Hunt,Gwydir,NSW,7.6.1969,by_election,24.2.1989,resigned,NPA
272,,Christopher John Hurford,Adelaide,SA,25.10.1969,,31.12.1987,resigned,ALP
273,,John Martin Hyde,Moore,WA,18.5.1974,,5.3.1983,defeated,LIB
274,,Urquhart Edward Innes,Melbourne,Vic.,2.12.1972,,4.2.1983,retired,ALP
275,,Stephen James Irons,Swan,WA,24.11.2007,,21.5.2022,retired,LIB
276,,Julia Claire Irwin,Fowler,NSW,3.10.1998,,21.8.2010,retired,ALP
277,,Sharryn Maree Jackson,Hasluck,WA,10.11.2001,,9.10.2004,defeated,ALP
278,,Sharryn Maree Jackson,Hasluck,WA,24.11.2007,,21.8.2010,defeated,ALP
279,,Ralph Jacobi,Hawker,SA,25.10.1969,,5.6.1987,retired,ALP
280,,Carolyn Anne Jakobsen,Cowan,WA,1.12.1984,,13.3.1993,defeated,ALP
281,,Albert William James,Hunter,NSW,9.4.1960,by_election,19.9.1980,retired,ALP
282,,Alan William Jarman,Deakin,Vic.,26.11.1966,,5.3.1983,defeated,LIB
283,,Susan Barbara Jeanes,Kingston,SA,2.3.1996,,3.10.1998,defeated,LIB
284,334,Henry Alfred Jenkins,Scullin,Vic.,25.10.1969,,21.4.1983,changed_party,ALP
285,,Harry Alfred Jenkins,Scullin,Vic.,8.2.1986,by_election,4.5.1993,changed_party,ALP
286,,Harry Alfred Jenkins,Scullin,Vic.,4.5.1993,changed_party,29.1.1996,changed_party,CWM
287,,Harry Alfred Jenkins,Scullin,Vic.,29.1.1996,changed_party,11.2.2008,changed_party,ALP
288,,Harry Alfred Jenkins,Scullin,Vic.,12.2.2008,changed_party,24.11.2011,changed_party,SPK
289,,Dennis Geoffrey Jensen,Tangney,WA,9.10.2004,,9.5.2016,defeated,LIB
290,,Gary Thomas Johns,Petrie,Qld,11.7.1987,,2.3.1996,defeated,ALP
291,,Leonard Keith Johnson,Burke,Vic.,25.10.1969,,19.9.1980,retired,ALP
292,,Leslie Royston Johnson,Hughes,NSW,10.12.1955,,26.11.1966,defeated,ALP
293,,Leslie Royston Johnson,Hughes,NSW,25.10.1969,,19.12.1983,resigned,ALP
294,,Michael Andrew Johnson,Ryan,Qld,10.11.2001,,21.8.2010,changed_party,LIB
295,,Peter Francis Johnson,Brisbane,Qld,13.12.1975,,18.10.1980,defeated,LIB
296,,James Roger Johnston,Hotham,Vic.,10.12.1977,,18.10.1980,defeated,LIB
297,,Ricky Johnston,Canning,WA,2.3.1996,,3.10.1998,defeated,LIB
298,,Barry Owen Jones,Lalor,Vic.,10.12.1977,,31.8.1998,retired,ALP
299,,Charles Keith Jones,Newcastle,NSW,22.11.1958,,4.2.1983,retired,ALP
300,,David Francis Jull,Bowman,Qld,13.12.1975,,5.3.1983,defeated,LIB
301,,David Francis Jull,Fadden,Qld,1.12.1984,,17.10.2007,retired,LIB
302,,Robert Carl Katter,Kennedy,Qld,13.3.1993,,27.9.2011,changed_party,IND
303,,Robert Cummin Katter,Kennedy,Qld,26.11.1966,,19.2.1990,retired,NPA
304,,Paul John Keating,Blaxland,NSW,25.10.1969,,23.4.1996,resigned,ALP
305,,Michael Fayat Keenan,Stirling,WA,9.10.2004,,18.05.2019,retired,LIB
306,,De-Anne Margaret Kelly,Dawson,Qld,2.3.1996,,24.11.2007,defeated,NP
307,,Jacqueline Marie Kelly,Lindsay,NSW,19.10.1996,by_election,17.10.2007,retired,LIB
308,,Jacqueline Marie Kelly,Lindsay,NSW,2.3.1996,,11.9.1996,declared_void,LIB
309,,Michael Joseph Kelly,Eden-Monaro,NSW,24.11.2007,,7.9.2013,defeated,ALP
310,,Roslyn Joan Kelly,Canberra,ACT,18.10.1980,,30.1.1995,resigned,ALP
311,,David Alistair Kemp,Goldstein,Vic.,24.3.1990,,31.8.2004,retired,LIB
312,,Leonard Joseph Keogh,Bowman,Qld,5.3.1983,,5.6.1987,retired,ALP
313,,Lewis Kent,Hotham,Vic.,18.10.1980,,24.3.1990,defeated,ALP
314,,John Charles Kerin,Werriwa,NSW,23.9.1978,by_election,22.12.1993,resigned,ALP
315,,Cheryl Kernot,Dickson,Qld,3.10.1998,,10.11.2001,defeated,ALP
316,,Duncan James Colquhoun Kerr,Denison,Tas.,11.7.1987,,21.8.2010,retired,ALP
317,,Denis James (later Sir James) Killen,Moreton,Qld,10.12.1955,,15.8.1983,resigned,LIB
318,,Catherine Fiona King,Ballarat,Vic.,10.11.2001,,,still_in_office,ALP
319,,Peter Edward King,Wentworth,NSW,10.11.2001,,9.10.2004,defeated,IND
320,,Richard Emanuel Klugman,Prospect,NSW,25.10.1969,,19.2.1990,retired,ALP
321,,Peter John Knott,Gilmore,NSW,13.3.1993,,2.3.1996,defeated,ALP
322,,Antony Hamilton Lamb,La Trobe,Vic.,2.12.1972,,13.12.1975,defeated,ALP
323,,Antony Hamilton Lamb,Streeton,Vic.,1.12.1984,,24.3.1990,defeated,ALP
324,,Andrew Charles Laming,Bowman,Qld,9.10.2004,,21.5.2022,retired,LIB
325,,John Vance Langmore,Fraser,ACT,1.12.1984,,6.12.1996,resigned,ALP
326,,Mark William Latham,Werriwa,NSW,29.1.1994,by_election,21.1.2005,resigned,ALP
327,,Michael Hugh Lavarch,Dickson,Qld,17.4.1993,,2.3.1996,defeated,ALP
328,,Michael Hugh Lavarch,Fisher,Qld,11.7.1987,,13.3.1993,elected_elsewhere,ALP
329,,Anthony John Lawler,Parkes,NSW,3.10.1998,,8.10.2001,retired,NPA
330,,Carmen Mary Lawrence,Fremantle,WA,12.3.1994,by_election,17.10.2007,retired,ALP
331,,Michael John Lee,Dobell,NSW,1.12.1984,,10.11.2001,defeated,ALP
332,,Sussan Penelope Ley,Farrer,NSW,10.11.2001,,,still_in_office,LIB
333,,Louis Stuart Lieberman,Indi,Vic.,13.3.1993,,8.10.2001,retired,LIB
334,,Eamon John Lindsay,Herbert,Qld,5.3.1983,,2.3.1996,defeated,ALP
335,,Peter John Lindsay,Herbert,Qld,2.3.1996,,21.8.2010,retired,LIB
336,,Kirsten Fiona Livermore,Capricornia,Qld,3.10.1998,,5.8.2013,resigned,ALP
337,,Bruce Lloyd,Murray,Vic.,20.3.1971,by_election,29.1.1996,retired,NPA
338,,James Eric Lloyd,Robertson,NSW,2.3.1996,,24.11.2007,defeated,LIB
339,,Philip Ernest Lucock,Lyne,NSW,22.3.1952,by_election,19.9.1980,retired,NCP
340,,Stephen Augustus Lusher,Hume,NSW,18.5.1974,,1.12.1984,defeated,NPA
341,,Phillip Reginald (later Sir Phillip) Lynch,Flinders,Vic.,26.11.1966,,22.10.1982,resigned,LIB
342,,Ian Elgin Macfarlane,Groom,Qld,3.10.1998,,9.5.2016,retired,LIB
343,,Edward Carrington Mack,North Sydney,NSW,24.3.1990,,29.1.1996,retired,IND
344,,Michael John Randal Mackellar,Warringah,NSW,25.10.1969,,18.2.1994,resigned,LIB
345,,Alexander John Mackenzie,Calare,NSW,13.12.1975,,5.3.1983,defeated,NPA
346,,Jennifer Louise Macklin,Jagajaga,Vic.,2.3.1996,,18.05.2019,retired,ALP
347,,Ian Malcolm Macphee,Balaclava,Vic.,18.5.1974,,1.12.1984,elected_elsewhere,LIB
348,,Ian Malcolm Macphee,Goldstein,Vic.,1.12.1984,,19.2.1990,retired,LIB
349,,Michael John Maher,Lowe,NSW,13.3.1982,by_election,11.7.1987,defeated,ALP
350,,Paul Marek,Capricornia,Qld,2.3.1996,,3.10.1998,defeated,NPA
351,,Nola Bethwyn Marino,Forrest,WA,24.11.2007,,3.5.2025,retired,LIB
352,,Louise Elizabeth Markus,Greenway,NSW,9.10.2004,,21.8.2010,elected_elsewhere,LIB
353,,Richard Donald Marles,Corio,Vic,24.11.2007,,,still_in_office,ALP
354,,Stephen Paul Martin,Cunningham,NSW,13.3.1993,,4.5.1993,changed_party,ALP
355,,Stephen Paul Martin,Macarthur,NSW,1.12.1984,,13.3.1993,elected_elsewhere,ALP
356,,Vincent Joseph Martin,Banks,NSW,25.10.1969,,19.9.1980,retired,ALP
357,,John Raymond Martyr,Swan,WA,13.12.1975,,18.10.1980,defeated,LIB
358,,Margaret Ann May,McPherson,Qld,3.10.1998,,21.8.2010,retired,LIB
359,,Helen Mayer,Chisholm,Vic.,5.3.1983,,11.7.1987,defeated,ALP
360,,Fergus Stewart McArthur,Corangamite,Vic.,18.2.1984,by_election,24.11.2007,defeated,LIB
361,,Robert Bruce McClelland,Barton,NSW,2.3.1996,,5.8.2013,resigned,ALP
362,,Graeme Robert McDougall,Griffith,Qld,2.3.1996,,3.10.1998,defeated,LIB
363,,Jann Sonya McFarlane,Stirling,WA,3.10.1998,,9.10.2004,defeated,ALP
364,,Peter John McGauran,Gippsland,Vic.,5.3.1983,,9.4.2008,retired,NP
365,,Jeannette McHugh,Grayndler,NSW,13.3.1993,,29.1.1996,retired,ALP
366,,Jeannette McHugh,Phillip,NSW,5.3.1983,,13.3.1993,elected_elsewhere,ALP
367,,Maxine Margaret McKew,Bennelong,NSW,24.11.2007,,21.8.2010,defeated,ALP
368,,Ian Murray McLachlan,Barker,SA,24.3.1990,,31.8.1998,retired,LIB
369,,Ross Malcolm McLean,Perth,WA,13.12.1975,,5.3.1983,defeated,LIB
370,,John Elden McLeay,Boothby,SA,26.11.1966,,22.1.1981,resigned,LIB
371,,Leo Boyce McLeay,Grayndler,NSW,23.6.1979,by_election,29.8.1989,changed_party,ALP
372,,Leo Boyce McLeay,Watson,NSW,13.3.1993,,4.5.1993,changed_party,SPK
373,,James Leslie McMahon,Sydney,NSW,13.12.1975,,4.2.1983,retired,ALP
374,,William (later Sir William) McMahon,Lowe,NSW,10.12.1949,,4.1.1982,resigned,LIB
375,,Robert Francis McMullan,Fraser,ACT,3.10.1998,,21.8.2010,retired,ALP
376,,Daniel Thomas McVeigh,Darling Downs,Qld,2.12.1972,,1.12.1984,elected_elsewhere,NPA
377,,Daniel Thomas McVeigh,Groom,Qld,1.12.1984,,29.2.1988,resigned,NPA
378,,Daryl Melham,Banks,NSW,24.3.1990,,7.9.2013,defeated,ALP
379,,John Barry Mildren,Ballarat,Vic.,18.10.1980,,24.3.1990,defeated,ALP
380,,Christopher Gordon Miles,Braddon,Tas.,1.12.1984,,3.10.1998,defeated,LIB
381,,Percival Clarence Millar,Wide Bay,Qld,18.5.1974,,19.2.1990,retired,NPA
382,,Peter Milton,La Trobe,Vic.,18.10.1980,,24.3.1990,defeated,ALP
383,,Sophie Mirabella,Indi,Vic.,10.11.2001,,7.9.2013,defeated,LIB
384,,John Colinton Moore,Ryan,Qld,13.12.1975,,5.2.2001,resigned,LIB
385,,Allan Agapitos Morris,Newcastle,NSW,5.3.1983,,8.10.2001,retired,ALP
386,,Peter Frederick Morris,Shortland,NSW,2.12.1972,,31.8.1998,retired,ALP
387,,William Lawrence Morrison,St George,NSW,18.10.1980,,26.10.1984,retired,ALP
388,,Scott John Morrison,Cook,NSW,24.11.2007,,28.2.2024,resigned,LIB
389,,Frank William Mossfield,Greenway,NSW,2.3.1996,,31.8.2004,retired,ALP
390,,John Graham Mountford,Banks,NSW,18.10.1980,,19.2.1990,retired,ALP
391,,Judith Eleanor Moylan,Pearce,WA,13.3.1993,,5.8.2013,retired,LIB
392,,John Paul Murphy,Lowe,NSW,3.10.1998,,21.8.2010,elected_elsewhere,ALP
393,,Stephen Bruce Mutch,Cook,NSW,2.3.1996,,31.8.1998,retired,LIB
394,,Gary Roy Nairn,Eden-Monaro,NSW,2.3.1996,,24.11.2007,defeated,LIB
395,,Belinda Jane Neal,Robertson,NSW,24.11.2007,,21.8.2010,retired,ALP
396,,Garry Barr Nehl,Cowper,NSW,1.12.1984,,30.4.1996,changed_party,NPA
397,,Garry Barr Nehl,Cowper,NSW,30.4.1996,changed_party,8.10.2001,retired,CWM
398,,Maurice James Neil,St George,NSW,13.12.1975,,18.10.1980,defeated,LIB
399,,Brendan John Nelson,Bradfield,NSW,2.3.1996,,19.10.2009,resigned,LIB
400,,Shayne Kenneth Neumann,Blair,Qld,24.11.2007,,,still_in_office,ALP
401,,Paul Christopher Neville,Hinkler,Qld,13.3.1993,,5.8.2013,retired,NP
402,,Neville Joseph Newell,Richmond,NSW,24.3.1990,,2.3.1996,defeated,ALP
403,,Kevin Eugene Newman,Bass,Tas.,28.6.1975,by_election,26.10.1984,retired,LIB
404,,Peter James Nixon,Gippsland,Vic.,9.12.1961,,4.2.1983,retired,NPA
405,,Peter Edward Nugent,Aston,Vic.,24.3.1990,,24.4.2001,died,LIB
406,,Michelle Anne O'Byrne,Bass,Tas.,3.10.1998,,9.10.2004,defeated,ALP
407,,Brendan Patrick O'Connor,Burke,Vic.,10.11.2001,,9.10.2004,elected_elsewhere,ALP
408,,Brendan Patrick O'Connor,Gorton,Vic.,9.10.2004,,3.5.2025,retired,ALP
409,,Gavan Michael O'Connor,Corio,Vic.,13.3.1993,,24.11.2007,defeated,ALP
410,,Frank Lionel O'Keefe,Paterson,NSW,25.10.1969,,26.10.1984,retired,NPA
411,,Neil Patrick O'Keefe,Burke,Vic.,1.12.1984,,8.10.2001,retired,ALP
412,,Lloyd Reginald Terrence O'Neil,Grey,SA,5.3.1983,,8.2.1993,retired,ALP
413,,Michael Keith Organ,Cunningham,NSW,19.10.2002,by_election,9.10.2004,defeated,GRN
414,,Julie Ann Owens,Parramatta,NSW,9.10.2004,,21.5.2022,retired,ALP
415,,Melissa Parke,Fremantle,WA,24.11.2007,,9.5.2016,retired,ALP
416,,Andrew Sharp Peacock,Kooyong,Vic.,2.4.1966,by_election,17.9.1994,resigned,LIB
417,,Christopher John Pearce,Aston,Vic.,14.7.2001,by_election,21.8.2010,retired,LIB
418,,Graham Douglas Perrett,Moreton,Qld,24.11.2007,,3.5.2025,retired,ALP
419,,Tanya Joan Plibersek,Sydney,NSW,3.10.1998,,,still_in_office,ALP
420,,Reginald Thomas Pollard,Ballarat,Vic.,23.10.1937,,10.12.1949,elected_elsewhere,ALP
421,,Reginald Thomas Pollard,Lalor,Vic.,10.12.1949,,26.11.1966,defeated,ALP
422,,James Robert Porter,Barker,SA,13.12.1975,,19.2.1990,retired,LIB
423,,Michael Philip Pratt,Adelaide,SA,6.2.1988,by_election,24.3.1990,defeated,LIB
424,,Leo Roger Spurway Price,Chifley,NSW,1.12.1984,,21.8.2010,retired,ALP
425,,Geoffrey Daniel Prosser,Forrest,WA,11.7.1987,,17.10.2007,retired,LIB
426,,Gary Francis Punch,Barton,NSW,5.3.1983,,29.1.1996,retired,ALP
427,,Christopher Maurice Pyne,Sturt,SA,13.3.1993,,18.05.2019,retired,LIB
428,,Harry Vernon Quick,Franklin,Tas.,13.3.1993,,17.10.2007,retired,IND
429,,Brett Blair Raguse,Forde,Qld,24.11.2007,,21.8.2010,defeated,ALP
430,,Rowan Eric Ramsey,Grey,SA,24.11.2007,,3.5.2025,retired,LIB
431,,Donald James Randall,Canning,WA,10.11.2001,,21.7.2015,died,LIB
432,,Donald James Randall,Swan,WA,2.3.1996,,3.10.1998,defeated,LIB
433,,Kerry Marie Rea,Bonner,Qld,24.11.2007,,21.8.2010,defeated,ALP
434,,John Edward Reeves,Northern Territory,NT,5.3.1983,,1.12.1984,defeated,ALP
435,,Nicholas Bruce Reid,Bendigo,Vic.,24.3.1990,,31.8.1998,retired,LIB
436,,Peter Keaston Reith,Flinders,Vic.,1.12.1984,,8.10.2001,retired,LIB
437,,Peter Keaston Reith,Flinders,Vic.,4.12.1982,by_election,5.3.1983,defeated,LIB
438,,Kym Charles Richardson,Kingston,SA,9.10.2004,,24.11.2007,defeated,LIB
439,,John Peter Riggall,McMillan,Vic.,24.3.1990,,13.3.1993,defeated,LIB
440,,Bernard Fernando Ripoll,Oxley,Qld,3.10.1998,,9.5.2016,retired,ALP
441,,Amanda Louise Rishworth,Kingston,SA,24.11.2007,,,still_in_office,ALP
442,,Andrew John Robb,Goldstein,Vic.,9.10.2004,,9.5.2016,retired,LIB
443,,Stuart Rowland Robert,Fadden,Qld,24.11.2007,,18.5.2023,resigned,LIB
444,,Eric Laidlaw Robinson,McPherson,Qld,2.12.1972,,7.1.1981,died,LIB
445,,Ian Louis Robinson,Cowper,NSW,30.11.1963,,1.12.1984,elected_elsewhere,NPA
446,,Ian Louis Robinson,Page,NSW,1.12.1984,,24.3.1990,defeated,NPA
447,,Allan Charles Rocher,Curtin,WA,21.2.1981,by_election,3.10.1998,defeated,IND
448,,Michael John Clyde Ronaldson,Ballarat,Vic.,24.3.1990,,8.10.2001,retired,LIB
449,,Nicola Louise Roxon,Gellibrand,Vic.,3.10.1998,,5.8.2013,retired,ALP
450,,Kevin Michael Rudd,Griffith,Qld,3.10.1998,,22.11.2013,resigned,ALP
451,,Philip Maxwell Ruddock,Berowra,NSW,13.3.1993,,9.5.2016,retired,LIB
452,,Philip Maxwell Ruddock,Dundas,NSW,13.12.1975,,13.3.1993,elected_elsewhere,LIB
453,,Philip Maxwell Ruddock,Parramatta,NSW,22.9.1973,by_election,13.12.1975,elected_elsewhere,LIB
454,,Janelle Anne Saffin,Page,NSW,24.11.2007,,7.9.2013,defeated,ALP
455,,Murray Evan Sainsbury,Eden-Monaro,NSW,13.12.1975,,5.3.1983,defeated,LIB
456,,John Saunderson,Aston,Vic.,1.12.1984,,24.3.1990,defeated,ALP
457,,John Saunderson,Deakin,Vic.,5.3.1983,,1.12.1984,elected_elsewhere,ALP
458,,Rodney Weston Sawford,Port Adelaide,SA,26.3.1988,by_election,17.10.2007,retired,ALP
459,,Gordon Glen Denton Scholes,Corio,Vic.,22.7.1967,by_election,8.2.1993,retired,ALP
460,,Albert John Schultz,Hume,NSW,3.10.1998,,5.8.2013,retired,LIB
461,,Concetto Antonio Sciacca,Bowman,Qld,3.10.1998,,9.10.2004,defeated,ALP
462,,Concetto Antonio Sciacca,Bowman,Qld,11.7.1987,,2.3.1996,defeated,ALP
463,,Bruce Craig Scott,Maranoa,Qld,24.3.1990,,09.10.2012,changed_party,NP
464,,John Lyden Scott,Hindmarsh,SA,18.10.1980,,8.2.1993,retired,ALP
465,,Leslie James Scott,Oxley,Qld,8.10.1988,by_election,2.3.1996,defeated,ALP
466,,Patrick Damien Secker,Barker,SA,3.10.1998,,5.8.2013,defeated,LIB
467,,Robert Charles Grant Sercombe,Maribyrnong,Vic.,2.3.1996,,17.10.2007,retired,ALP
468,,Peter Donald Shack,Tangney,WA,1.12.1984,,8.2.1993,retired,LIB
469,,Peter Donald Shack,Tangney,WA,10.12.1977,,5.3.1983,defeated,LIB
470,,John Randall Sharp,Gilmore,NSW,1.12.1984,,13.3.1993,elected_elsewhere,NPA
471,,John Randall Sharp,Hume,NSW,13.3.1993,,31.8.1998,retired,NPA
472,,George William Shaw,Dawson,Qld,30.11.1963,,9.1.1966,died,CP
473,,Roger Francis Shipton,Higgins,Vic.,13.12.1975,,19.2.1990,retired,LIB
474,,James Robert Short,Ballarat,Vic.,13.12.1975,,18.10.1980,defeated,LIB
475,,Leonie Marjorie Short,Ryan,Qld,17.3.2001,by_election,10.11.2001,defeated,ALP
476,,William Richard Shorten,Maribyrnong,Vic,24.11.2007,,20.1.2025,resigned,ALP
477,,Peter Sid Sidebottom,Braddon,Tas.,3.10.1998,,9.10.2004,defeated,ALP
478,,Peter Sid Sidebottom,Braddon,Tas,24.11.2007,,7.9.2013,defeated,ALP
479,,David William Simmons,Calare,NSW,5.3.1983,,29.1.1996,retired,ALP
480,,Barry Douglas Simon,McMillan,Vic.,13.12.1975,,18.10.1980,defeated,LIB
481,,Luke Xavier Linton Simpkins,Cowan,WA,24.11.2007,,2.7.2016,defeated,LIB
482,,Ian McCahon Sinclair,New England,NSW,30.11.1963,,4.3.1998,changed_party,NPA
483,,Peter Neil Slipper,Fisher,Qld,1.12.1984,,11.7.1987,defeated,NPA
484,,Peter Neil Slipper,Fisher,Qld,13.3.1993,,24.11.2011,changed_party,LIB
485,,Anthony Charles Smith,Dickson,Qld,2.3.1996,,3.10.1998,defeated,IND
486,,Anthony David Hawthorn Smith,Casey,Vic.,10.11.2001,,10.08.2015,changed_party,LIB
487,,Silvia Joy Smith,Bass,Tas.,13.3.1993,,2.3.1996,defeated,ALP
488,,Stephen Francis Smith,Perth,WA,13.3.1993,,5.8.2013,retired,ALP
489,,Warwick Leslie Smith,Bass,Tas.,2.3.1996,,3.10.1998,defeated,LIB
490,,Warwick Leslie Smith,Bass,Tas.,1.12.1984,,13.3.1993,defeated,LIB
491,,Brendan Michael Smyth,Canberra,ACT,25.3.1995,by_election,2.3.1996,defeated,LIB
492,,Billy Mackie (later Sir Billy) Snedden,Bruce,Vic.,10.12.1955,,17.2.1976,changed_party,LIB
493,,James Henry Snow,Eden-Monaro,NSW,5.3.1983,,2.3.1996,defeated,ALP
494,,Warren Edward Snowdon,Lingiari,NT,10.11.2001,,21.5.2022,retired,ALP
495,,Warren Edward Snowdon,Northern Territory,NT,11.7.1987,,2.3.1996,defeated,ALP
496,,Warren Edward Snowdon,Northern Territory,NT,3.10.1998,,10.11.2001,elected_elsewhere,ALP
497,,Alexander Michael Somlyay,Fairfax,Qld,24.3.1990,,5.8.2013,retired,LIB
498,,Andrew John Southcott,Boothby,SA,2.3.1996,,9.5.2016,retired,LIB
499,,John Michael Spender,North Sydney,NSW,18.10.1980,,24.3.1990,defeated,LIB
500,,Clair Stuart Roy St,New England,NSW,3.10.1998,,10.11.2001,defeated,NPA
501,,Anthony Allan Staley,Chisholm,Vic.,19.9.1970,by_election,19.9.1980,retired,LIB
502,,Peter Richard Staples,Diamond Valley,Vic.,5.3.1983,,1.12.1984,elected_elsewhere,ALP
503,,Peter Richard Staples,Jagajaga,Vic.,1.12.1984,,29.1.1996,retired,ALP
504,,Alan Peter Steedman,Casey,Vic.,5.3.1983,,1.12.1984,defeated,ALP
505,,Sharman Nancy Stone,Murray,Vic.,2.3.1996,,9.5.2016,retired,LIB
506,,Anthony Austin Street,Corangamite,Vic.,26.11.1966,,18.1.1984,resigned,LIB
507,,Jonathan Harold Sullivan,Longman,Qld,24.11.2007,,21.8.2010,defeated,ALP
508,,Kathryn Jean Martin Sullivan,Moncrieff,Qld,1.12.1984,,8.10.2001,retired,LIB
509,,Wayne Maxwell Swan,Lilley,Qld,13.3.1993,,2.3.1996,defeated,ALP
510,,Wayne Maxwell Swan,Lilley,Qld,3.10.1998,,18.05.2019,retired,ALP
511,,Michael Stuart Symon,Deakin,Vic,24.11.2007,,7.9.2013,defeated,ALP
512,,Grant Ernest John Tambling,Northern Territory,NT,18.10.1980,,5.3.1983,defeated,NPA
513,,Lindsay James Tanner,Melbourne,Vic.,13.3.1993,,21.8.2010,retired,ALP
514,,William Leonard Taylor,Groom,Qld,9.4.1988,by_election,31.8.1998,retired,LIB
515,,Andrew Charles Theophanous,Burke,Vic.,18.10.1980,,1.12.1984,elected_elsewhere,ALP
516,,Andrew Charles Theophanous,Calwell,Vic.,1.12.1984,,10.11.2001,defeated,IND
517,,Cameron Paul Thompson,Blair,Qld,3.10.1998,,24.11.2007,defeated,LIB
518,,Andrew Peter Thomson,Wentworth,NSW,8.4.1995,by_election,8.10.2001,retired,LIB
519,,Craig Robert Thomson,Dobell,NSW,24.11.2007,,29.4.2012,changed_party,ALP
520,,David Scott Thomson,Leichhardt,Qld,13.12.1975,,5.3.1983,defeated,NPA
521,,Kelvin John Thomson,Wills,Vic.,2.3.1996,,9.5.2016,retired,ALP
522,,Kenneth Vincent Ticehurst,Dobell,NSW,10.11.2001,,24.11.2007,defeated,LIB
523,,Robert Edward Tickner,Hughes,NSW,18.2.1984,by_election,2.3.1996,defeated,ALP
524,,David William Tollner,Solomon,NT,10.11.2001,,24.11.2007,defeated,CLP
525,,Chris Allan Trevor,Flynn,Qld,24.11.2007,,21.8.2010,defeated,ALP
526,,Warren Errol Truss,Wide Bay,Qld,24.3.1990,,9.5.2016,retired,NP
527,,Charles Wilson Tuckey,O'Connor,WA,18.10.1980,,21.8.2010,defeated,LIB
528,,Malcolm Bligh Turnbull,Wentworth,NSW,9.10.2004,,31.8.2018,resigned,LIB
529,,James Pearce Turnour,Leichhardt,Qld,24.11.2007,,21.8.2010,defeated,ALP
530,,Thomas Uren,Reid,NSW,22.11.1958,,19.2.1990,retired,ALP
531,,Mark Anthony James Vaile,Lyne,NSW,13.3.1993,,30.7.2008,resigned,NP
532,,Danna Sue Vale,Hughes,NSW,2.3.1996,,21.8.2010,retired,LIB
533,,Maria Vamvakinou,Calwell,Vic.,10.11.2001,,3.5.2025,retired,ALP
534,,Ross Xavier Vasta,Bonner,Qld,9.10.2004,,24.11.2007,defeated,LIB
535,,Robert Ian Viner,Stirling,WA,2.12.1972,,5.3.1983,defeated,LIB
536,,Barry Hugh Wakelin,Grey,SA,13.3.1993,,17.10.2007,retired,LIB
537,,Francis John Walker,Robertson,NSW,24.3.1990,,2.3.1996,defeated,ALP
538,,Laurie George Wallis,Grey,SA,25.10.1969,,4.2.1983,retired,ALP
539,,Malcolm James Washer,Moore,WA,3.10.1998,,5.8.2013,retired,LIB
540,,David John Hopetoun Watson,Forde,Qld,1.12.1984,,11.7.1987,defeated,LIB
541,,Alasdair Paine Webster,Macquarie,NSW,1.12.1984,,13.3.1993,defeated,LIB
542,,Deane McMillan Wells,Petrie,Qld,5.3.1983,,1.12.1984,defeated,ALP
543,,Andrea Gail West,Bowman,Qld,2.3.1996,,3.10.1998,defeated,LIB
544,,Stewart John West,Cunningham,NSW,15.10.1977,by_election,8.2.1993,retired,ALP
545,,Peter Nicholson Duckett White,McPherson,Qld,21.2.1981,by_election,19.2.1990,retired,LIB
546,,Kim Wilkie,Swan,WA,3.10.1998,,24.11.2007,defeated,ALP
547,,Daryl Robert Williams,Tangney,WA,13.3.1993,,31.8.2004,retired,LIB
548,,Ralph Willis,Gellibrand,Vic.,2.12.1972,,31.8.1998,retired,ALP
549,,Ian Bonython Cameron Wilson,Sturt,SA,2.12.1972,,8.2.1993,retired,LIB
550,,Gregory Stuart Wilton,Isaacs,Vic.,2.3.1996,,14.6.2000,died,ALP
551,,Antony Harold Curties Windsor,New England,NSW,10.11.2001,,5.8.2013,retired,IND
552,,Jason Peter Wood,La Trobe,Vic.,9.10.2004,,21.8.2010,defeated,LIB
553,,Harry Francis Woods,Page,NSW,24.3.1990,,2.3.1996,defeated,ALP
554,,Robert Leslie Woods,Lowe,NSW,11.7.1987,,13.3.1993,defeated,LIB
555,,Michael Richard Lewis Wooldridge,Casey,Vic.,3.10.1998,,8.10.2001,retired,LIB
556,,Michael Richard Lewis Wooldridge,Chisholm,Vic.,11.7.1987,,3.10.1998,elected_elsewhere,LIB
557,,Patricia Mary Worth,Adelaide,SA,13.3.1993,,9.10.2004,defeated,LIB
558,,Keith Webb Wright,Capricornia,Qld,1.12.1984,,13.3.1993,defeated,IND
559,,William Yates,Holt,Vic.,13.12.1975,,18.10.1980,defeated,LIB
560,,Michael Jerome Young,Port Adelaide,SA,18.5.1974,,8.2.1988,resigned,ALP
561,,Christian John Zahra,McMillan,Vic.,3.10.1998,,9.10.2004,defeated,ALP
562,,Paul John Zammit,Lowe,NSW,2.3.1996,,3.10.1998,defeated,IND
563,,Antonio Zappia,Makin,SA,24.11.2007,,,still_in_office,ALP
564,,Robert Francis McMullan,Canberra,ACT,2.3.1996,,3.10.1998,elected_elsewhere,ALP
565,,Annette Louise Ellis,Namadgi,ACT,2.3.1996,,3.10.1998,elected_elsewhere,ALP
566,,John Kenneth Cobb,Parkes,NSW,10.11.2001,,24.11.2007,elected_elsewhere,NP
567,,Darren Chester,Gippsland,Vic,28.6.2008,by_election,,still_in_office,NP
568,,Neil Anthony Brown,Menzies,Vic,25.10.1969,,2.12.1972,defeated,LIB
569,,Neil Anthony Brown,Diamond Valley,Vic,13.12.1975,,5.3.1983,defeated,LIB
570,,Neil Anthony Brown,Menzies,Vic,1.12.1984,,25.2.1991,resigned,LIB
571,,Manfred Douglas Cross,Brisbane,Qld,9.12.1961,,13.12.1975,defeated,ALP
572,,Manfred Douglas Cross,Brisbane,Qld,18.10.1980,,19.2.1990,retired,ALP
573,,Billy Mackie (later Sir Billy) Snedden,Bruce,Vic.,17.2.1976,changed_party,21.4.1983,resigned,SPK
574,334,Henry Alfred Jenkins,Scullin,Vic.,21.4.1983,changed_party,20.12.1985,resigned,SPK
575,,Joan Child,Henty,Vic.,11.2.1986,changed_party,29.8.1989,changed_party,SPK
576,,Joan Child,Henty,Vic.,29.8.1989,changed_party,19.2.1990,retired,ALP
577,,Leo Boyce McLeay,Grayndler,NSW,29.8.1989,changed_party,13.3.1993,elected_elsewhere,SPK
578,,Leo Boyce McLeay,Watson,NSW,4.5.1993,changed_party,31.8.2004,retired,ALP
579,,Stephen Paul Martin,Cunningham,NSW,4.5.1993,changed_party,30.4.1996,changed_party,SPK
580,,Stephen Paul Martin,Cunningham,NSW,30.4.1996,changed_party,16.8.2002,resigned,ALP
581,,Robert George Halverson,Casey,Vic.,30.4.1996,changed_party,4.3.1998,changed_party,SPK
582,,Robert George Halverson,Casey,Vic.,4.3.1998,changed_party,31.8.1998,retired,LIB
583,,Ian McCahon Sinclair,New England,NSW,4.3.1998,changed_party,31.8.1998,retired,SPK
584,,John Neil Andrew,Wakefield,SA,10.11.1998,changed_party,31.8.2004,retired,SPK
585,,Robert Oakeshott,Lyne,NSW,6.9.2008,by_election,5.8.2013,retired,IND
586,,Jamie Briggs,Mayo,SA,6.9.2008,by_election,2.7.2016,defeated,LIB
587,,Paul William Fletcher,Bradfield,NSW,5.12.2009,by_election,3.5.2025,retired,LIB
588,,Kelly O'Dwyer,Higgins,Vic.,5.12.2009,by_election,18.05.2019,retired,LIB
589,,John Alexander,Bennelong,NSW,21.8.2010,,11.11.2017,resigned,LIB
590,,George Robert Christensen,Dawson,Qld,21.8.2010,,21.5.2022,retired,NP
591,,Andrew Wilkie,Denison,Tas,21.8.2010,,18.05.2019,elected_elsewhere,IND
592,,Ken O'Dowd,Flynn,Qld,21.8.2010,,21.5.2022,retired,NP
593,,Bert Van Manen,Forde,Qld,21.8.2010,,3.5.2025,defeated,LIB
594,,Ken Wyatt,Hasluck,WA,21.8.2010,,21.5.2022,defeated,LIB
595,,Laura Smyth,La Trobe,Vic,21.8.2010,,7.9.2013,defeated,ALP
596,,Warren Entsch,Leichhardt,Qld,21.8.2010,,3.5.2025,retired,LIB
597,,Wyatt Roy,Longman,Qld,21.8.2010,,2.7.2016,defeated,LIB
598,,Louise Markus,Macquarie,NSW,21.8.2010,,2.7.2016,defeated,LIB
599,,Rob Mitchell,McEwen,Vic,21.8.2010,,,still_in_office,ALP
600,,Adam Bandt,Melbourne,Vic,21.8.2010,,3.5.2025,defeated,GRN
601,,Tony Crook,O'Connor,WA,21.8.2010,,5.8.2013,retired,Nats
602,,Natasha Griggs,Solomon,NT,21.8.2010,,2.7.2016,defeated,CLP
603,,Geoff Lyons,Bass,Tas,21.8.2010,,7.9.2013,defeated,ALP
604,,Gai Brodtmann,Canberra,ACT,21.8.2010,,18.05.2019,retired,ALP
605,,Russell Matheson,Macarthur,NSW,21.8.2010,,2.7.2016,defeated,LIB
606,,Stephen Jones,Throsby,NSW,21.8.2010,,2.7.2016,elected_elsewhere,ALP
607,,Josh Frydenberg,Kooyong,Vic,21.8.2010,,21.5.2022,defeated,LIB
608,,Dan Tehan,Wannon,Vic,21.8.2010,,,still_in_office,LIB
609,,Michael McCormack,Riverina,NSW,21.8.2010,,,still_in_office,NP
610,,Chris Hayes,Fowler,NSW,21.8.2010,,21.5.2022,retired,ALP
611,,Ewen Jones,Herbert,Qld,21.8.2010,,2.7.2016,defeated,LIB
612,,Karen Andrews,McPherson,Qld,21.8.2010,,3.5.2025,retired,LIB
613,,Andrew Leigh,Fraser,ACT,21.8.2010,,2.7.2016,elected_elsewhere,ALP
614,,Deborah O'Neill,Robertson,NSW,21.8.2010,,7.9.2013,defeated,ALP
615,,Alan Tudge,Aston,Vic,21.8.2010,,17.2.2023,resigned,LIB
616,,Ed Husic,Chifley,NSW,21.8.2010,,,still_in_office,ALP
617,,Craig Kelly,Hughes,NSW,21.8.2010,,23.2.2021,changed_party,LIB
618,,Michelle Rowland,Greenway,NSW,21.8.2010,,,still_in_office,ALP
619,,Laurie Donald Thomas Ferguson,Werriwa,NSW,21.8.2010,,9.5.2016,resigned,ALP
620,,John Paul Murphy,Reid,NSW,21.8.2010,,7.9.2013,defeated,ALP
622,,Barry Wayne Haase,Durack,WA,21.8.2010,,5.8.2013,retired,LIB
623,,Christopher Eyles Bowen,McMahon,NSW,21.8.2010,,,still_in_office,ALP
624,,Scott Buchholz,Wright,Qld,21.8.2010,,,still_in_office,LIB
625,,Jane Prentice,Ryan,QLD,21.8.2010,,18.05.2019,retired,LIB
626,,Ross Xavier Vasta,Bonner,Qld,21.8.2010,,3.5.2025,defeated,LIB
627,,Teresa Gambaro,Brisbane,Qld,21.8.2010,,9.5.2016,retired,LIB
628,,Harry Alfred Jenkins,Scullin,Vic.,24.11.2011,changed_party,5.8.2013,retired,ALP
629,,Peter Neil Slipper,Fisher,Qld,24.11.2011,changed_party,09.10.2012,changed_party,SPK
630,,Peter Neil Slipper,Fisher,Qld,09.10.2012,changed_party,7.9.2013,defeated,IND
631,,Ms Anna Elizabeth Burke,Chisholm,Vic.,09.10.2012,changed_party,05.08.2013,changed_party,SPK
632,,Bruce Craig Scott,Maranoa,Qld,09.10.2012,changed_party,9.5.2016,retired,CWM
633,,Craig Robert Thomson,Dobell,NSW,29.4.2012,,7.9.2013,defeated,IND
# New members elected in 2013 Federal election,,,,,,,,,
634,,David Coleman,Banks,NSW,7.9.2013,,3.5.2025,defeated,LIB
635,,Tony Pasin,Barker,SA,7.9.2013,,,still_in_office,LIB
636,,Nickolas Varvaris,Barton,NSW,7.9.2013,,2.7.2016,defeated,LIB
637,,Andrew Nikolic,Bass,Tas,7.9.2013,,2.7.2016,defeated,LIB
638,,David Feeney,Batman,Vic,7.9.2013,,1.2.2018,resigned,ALP
639,,Lisa Chesters,Bendigo,Vic,7.9.2013,,,still_in_office,ALP
640,,Brett Whiteley,Braddon,Tas,7.9.2013,,2.7.2016,defeated,LIB
641,,Michelle Landry,Capricornia,QLD,7.9.2013,,,still_in_office,NP
642,,Pat Conroy,Charlton,NSW,7.9.2013,,2.7.2016,elected_elsewhere,ALP
643,,Sarah Henderson,Corangamite,Vic,7.9.2013,,18.05.2019,defeated,LIB
644,,Michael Sukkar,Deakin,Vic,7.9.2013,,3.5.2025,defeated,LIB
645,,Karen Mcnamara,Dobell,NSW,7.9.2013,,2.7.2016,defeated,LIB
646,,Melissa Price,Durack,WA,7.9.2013,,,still_in_office,LIB
647,,Peter Hendy,Eden-Monaro,NSW,7.9.2013,,2.7.2016,defeated,LIB
648,,Mal Brough,Fisher,QLD,7.9.2013,,9.5.2016,retired,LIB
649,,Tim Watts,Gellibrand,Vic,7.9.2013,,,still_in_office,ALP
650,,Ann Sudmalis,Gilmore,NSW,7.9.2013,,18.05.2019,retired,LIB
651,,Matt Williams,Hindmarsh,SA,7.9.2013,,2.7.2016,defeated,LIB
652,,Keith Pitt,Hinkler,QLD,7.9.2013,,19.1.2025,resigned,NP
653,,Clare O'Neil,Hotham,Vic,7.9.2013,,,still_in_office,ALP
654,,Angus Taylor,Hume,NSW,7.9.2013,,,still_in_office,LIB
655,,Cathy McGowan,Indi,Vic,7.9.2013,,18.05.2019,retired,IND
656,,Matt Thistlethwaite,Kingsford Smith,NSW,7.9.2013,,,still_in_office,ALP
657,,Jason Wood,La Trobe,Vic,7.9.2013,,,still_in_office,LIB
658,,Joanne Ryan,Lalor,Vic,7.9.2013,,,still_in_office,ALP
659,,Fiona Scott,Lindsay,NSW,7.9.2013,,2.7.2016,defeated,LIB
660,,David Gillespie,Lyne,NSW,7.9.2013,,3.5.2025,retired,NP
661,,Eric Hutchinson,Lyons,Tas,7.9.2013,,2.7.2016,defeated,LIB
662,,Andrew Broad,Mallee,Vic,7.9.2013,,18.05.2019,retired,NP
663,,Ian Goodenough,Moore,WA,7.9.2013,,31.12.2024,changed_party,LIB
664,,Barnaby Joyce,New England,NSW,7.9.2013,,27.10.2017,disqualified,NP
665,,Sharon Claydon,Newcastle,NSW,7.9.2013,,,still_in_office,ALP
666,,Rick Wilson,O'Connor,WA,7.9.2013,,,still_in_office,LIB
667,,Kevin Hogan,Page,NSW,7.9.2013,,,still_in_office,NP
668,,Christian Porter,Pearce,WA,7.9.2013,,21.5.2022,retired,LIB
669,,Alannah MacTiernan,Perth,WA,7.9.2013,,9.5.2016,retired,ALP
670,,Luke Howarth,Petrie,QLD,7.9.2013,,3.5.2025,defeated,LIB
671,,Jim Chalmers,Rankin,QLD,7.9.2013,,,still_in_office,ALP
672,,Craig Laundy,Reid,NSW,7.9.2013,,18.05.2019,retired,LIB
673,,Lucy Wicks,Robertson,NSW,7.9.2013,,21.5.2022,defeated,LIB
674,,Andrew Giles,Scullin,Vic,7.9.2013,,,still_in_office,ALP
675,,Ms Anna Elizabeth Burke,Chisholm,Vic.,05.08.2013,changed_party,9.5.2016,retired,ALP
676,,Bronwyn Kathleen Bishop,Mackellar,NSW,12.11.2013,changed_party,02.08.2015,changed_party,SPK
677,,Clive Frederick Palmer,Fairfax,Qld,07.09.2013,,9.5.2016,retired,PUP
678,,Terri Butler,Griffith,QLD,8.2.2014,by_election,21.5.2022,defeated,ALP
679,,Bronwyn Kathleen Bishop,Mackellar,NSW,02.08.2015,changed_party,9.5.2016,retired,LIB
680,,Anthony David Hawthorn Smith,Casey,Vic.,10.08.2015,changed_party,23.11.2021,changed_party,SPK
681,,Andrew Hastie,Canning,WA,19.9.2015,by_election,,still_in_office,LIB
682,,Trent Zimmerman,North Sydney,NSW,5.12.2015,by_election,21.5.2022,defeated,LIB
# New members elected in 2016 Federal election,,,,,,,,,
683,,Linda Burney,Barton,NSW,2.7.2016,,3.5.2025,retired,ALP
684,,Ross Hart,Bass,Tas,2.7.2016,,18.05.2019,defeated,ALP
685,,Justine Keay,Braddon,Tas,2.7.2016,,10.5.2018,resigned,ALP
686,,Matt Keogh,Burt,WA,2.7.2016,,,still_in_office,ALP
687,,Julia Banks,Chisholm,Vic,2.7.2016,,27.11.2018,changed_party,LIB
688,,Anne Aly,Cowan,WA,2.7.2016,,,still_in_office,ALP
689,,Emma McBride,Dobell,NSW,2.7.2016,,,still_in_office,ALP
690,,Michael Joseph Kelly,Eden-Monaro,NSW,2.7.2016,,30.4.2020,resigned,ALP
691,,Ted O'Brien,Fairfax,QLD,2.7.2016,,,still_in_office,LIB
692,,Cathy O'Toole,Herbert,QLD,2.7.2016,,18.05.2019,defeated,ALP
693,,Steve Georganas,Hindmarsh,SA,2.7.2016,,18.05.2019,elected_elsewhere,ALP
694,,Emma Husar,Lindsay,NSW,2.7.2016,,18.05.2019,resigned,ALP
695,,Susan Lamb,Longman,QLD,2.7.2016,,10.5.2018,resigned,ALP
696,,Brian Mitchell,Lyons,Tas,2.7.2016,,3.5.2025,retired,ALP
697,,Mike Freelander,Macarthur,NSW,2.7.2016,,,still_in_office,ALP
698,,Susan Templeman,Macquarie,NSW,2.7.2016,,,still_in_office,ALP
699,,Rebekha Sharkie,Mayo,SA,2.7.2016,,10.4.2018,changed_party,NXT
700,,Damian Drum,Murray,Vic,2.7.2016,,18.05.2019,elected_elsewhere,NP
701,,Meryl Swanson,Paterson,NSW,2.7.2016,,,still_in_office,ALP
702,,Luke Gosling,Solomon,NT,2.7.2016,,,still_in_office,ALP
703,,Jason Falinski,Mackellar,NSW,2.7.2016,,21.5.2022,defeated,LIB
704,,Chris Crewther,Dunkley,Vic,2.7.2016,,18.05.2019,defeated,LIB
705,,Milton Dick,Oxley,Qld,2.7.2016,,26.7.2022,changed_party,ALP
706,,Trevor Evans,Brisbane,Qld,2.7.2016,,21.5.2022,defeated,LIB
707,,Nicolle Flint,Boothby,SA,2.7.2016,,21.5.2022,retired,LIB
708,,Andrew Gee,Calare,NSW,2.7.2016,,23.12.2022,changed_party,NP
709,,Madeleine King,Brand,WA,2.7.2016,,,still_in_office,ALP
710,,Julian Hill,Bruce,Vic.,2.7.2016,,,still_in_office,ALP
711,,Pat Conroy,Shortland,NSW,2.7.2016,,,still_in_office,ALP
712,,Ben Morton,Tangney,WA,2.7.2016,,21.5.2022,defeated,LIB
713,,Peter Khalil,Wills,Vic.,2.7.2016,,,still_in_office,ALP
714,,Julian Leeser,Berowra,NSW,2.7.2016,,,still_in_office,LIB
715,,John McVeigh,Groom,Qld,2.7.2016,,18.9.2020,resigned,LIB
716,,David Littleproud,Maranoa,Qld,2.7.2016,,,still_in_office,NP
717,,Tim Hammond,Perth,WA,2.7.2016,,10.5.2018,resigned,ALP
718,,Llew O'Brien,Wide Bay,Qld,2.7.2016,,,still_in_office,NP
719,,Josh Wilson,Fremantle,WA,2.7.2016,,10.5.2018,resigned,ALP
720,,Tim Wilson,Goldstein,Vic.,2.7.2016,,21.5.2022,defeated,LIB
721,,Anne Stanley,Werriwa,NSW,2.7.2016,,,still_in_office,ALP
722,,Andrew Wallace,Fisher,QLD,2.7.2016,,23.11.2021,changed_party,LIB
723,,Andrew Leigh,Fenner,ACT,2.7.2016,,,still_in_office,ALP
724,,Stephen Jones,Whitlam,NSW,2.7.2016,,3.5.2025,retired,ALP
725,,Mark Maclean Coulton,Parkes,NSW,30.8.2016,changed_party,3.5.2025,retired,NP
726,,Robert Carl Katter,Kennedy,Qld,27.9.2011,changed_party,,still_in_office,KAP
727,,Barnaby Joyce,New England,NSW,2.12.2017,,,still_in_office,NP
728,,John Alexander,Bennelong,NSW,16.12.2017,by_election,21.5.2022,retired,LIB
729,,Ged Kearney,Batman,Vic.,17.3.2018,by_election,18.05.2019,elected_elsewhere,ALP
730,,Patrick Gorman,Perth,WA,28.7.2018,by_election,,still_in_office,ALP
731,,Rebekha Sharkie,Mayo,SA,10.4.2018,changed_party,11.5.2018,resigned,CA
#Super saturday; see also 730,,,,,,,,,
732,,Justine Keay,Braddon,Tas,28.7.2018,,18.05.2019,defeated,ALP
734,,Susan Lamb,Longman,QLD,28.7.2018,,18.05.2019,defeated,ALP
735,,Rebekha Sharkie,Mayo,SA,28.7.2018,,,still_in_office,CA
736,,Josh Wilson,Fremantle,WA,28.7.2018,,,still_in_office,ALP
737,,Kerryn Phelps,Wentworth,NSW,05.11.2018,by_election,18.05.2019,defeated,IND
738,,Julia Banks,Chisholm,Vic,27.11.2018,changed_party,18.05.2019,defeated,IND
# New members elected in 2019 Federal election,,,,,,,,,
739,,Bridget Archer,Bass,Tas,18.05.2019,,3.5.2025,defeated,LIB
740,,Gavin Pearce,Braddon,Tas,18.05.2019,,3.5.2025,retired,LIB
741,,Alicia Payne,Canberra,ACT,18.05.2019,,,still_in_office,ALP
742,,Gladys Liu,Chisholm,Vic,18.05.2019,,21.5.2022,defeated,LIB
743,,Libby Coker,Corangamite,Vic,18.05.2019,,,still_in_office,ALP
744,,Pat Conaghan,Cowper,NSW,18.05.2019,,,still_in_office,NP
745,,Celia Hammond,Curtin,WA,18.05.2019,,21.5.2022,defeated,LIB
746,,Peta Murphy,Dunkley,Vic,18.05.2019,,4.12.2023,died,ALP
747,,Daniel Mulino,Fraser,Vic,18.05.2019,,,still_in_office,ALP
748,,Fiona Phillips,Gilmore,NSW,18.05.2019,,,still_in_office,ALP
749,,Phillip Thompson,Herbert,QLD,18.05.2019,,,still_in_office,LNP
750,,Katie Allen,Higgins,Vic,18.05.2019,,21.5.2022,defeated,LIB
751,,Helen Haines,Indi,Vic,18.05.2019,,,still_in_office,IND
752,,Kate Thwaites,Jagajaga,Vic,18.05.2019,,,still_in_office,ALP
753,,Anika Wells,Lilley,QLD,18.05.2019,,,still_in_office,ALP
754,,Melissa McIntosh,Lindsay,NSW,18.05.2019,,,still_in_office,LIB
755,,Terry Young,Longman,QLD,18.05.2019,,,still_in_office,LNP
756,,Josh Burns,Macnamara,Vic,18.05.2019,,,still_in_office,ALP
757,,Anne Webster,Mallee,Vic,18.05.2019,,,still_in_office,NP
758,,Angie Bell,Moncrieff,QLD,18.05.2019,,,still_in_office,LNP
759,,Fiona Martin,Reid,NSW,18.05.2019,,21.5.2022,defeated,LIB
760,,Julian Simmonds,Ryan,QLD,18.05.2019,,21.5.2022,defeated,LNP
761,,Vince Connelly,Stirling,WA,18.05.2019,,21.5.2022,retired,LIB
762,,James Stevens,Sturt,SA,18.05.2019,,3.5.2025,defeated,LIB
763,,Zali Steggall,Warringah,NSW,18.05.2019,,,still_in_office,IND
764,,Dave Sharma,Wentworth,NSW,18.05.2019,,21.5.2022,defeated,LIB
# Members elected elsewhere in 2019 Federal election thanks to redistribution,,,,,,,,,
765,,Steve Georganas,Adelaide,SA,18.05.2019,elected_elsewhere,,still_in_office,ALP
766,,Russell Evan Broadbent,Monash,Vic,18.05.2019,elected_elsewhere,14.11.2023,changed_party,LIB
767,,Mark Christopher Butler,Hindmarsh,SA,18.05.2019,elected_elsewhere,,still_in_office,ALP
768,,Nicholas David Champion,Spence,SA,18.05.2019,elected_elsewhere,22.02.2022,resigned,ALP
769,,Andrew Wilkie,Clark,Tas,18.05.2019,elected_elsewhere,,still_in_office,IND
770,,Damian Drum,Nicholls,Vic,18.05.2019,elected_elsewhere,21.5.2022,retired,NP
771,,Ged Kearney,Cooper,Vic,18.05.2019,elected_elsewhere,,still_in_office,ALP
772,,David Philip Benedict Smith,Bean,ACT,18.05.2019,,,still_in_office,ALP
773,,Kristy McBain,Eden-Monaro,NSW,4.7.2020,by_election,,still_in_office,ALP
774,,Garth Hamilton,Groom,QLD,3.12.2020,by_election,,still_in_office,LNP
775,,Craig Kelly,Hughes,NSW,23.2.2021,changed_party,23.8.2021,changed_party,IND
776,,Anthony David Hawthorn Smith,Casey,Vic,23.11.2021,changed_party,21.5.2022,retired,LIB
777,,Andrew Wallace,Fisher,QLD,23.11.2021,changed_party,26.7.2022,changed_party,SPK
778,,Craig Kelly,Hughes,NSW,23.8.2021,changed_party,21.5.2022,defeated,UAP
# New members elected in 2022 Federal election,,,,,,,,,
779,,Jerome Laxale,Bennelong,NSW,21.5.2022,,,still_in_office,ALP
780,,Louise Miller-Frost,Boothby,SA,21.5.2022,,,still_in_office,ALP
781,,Henry Pike,Bowman,QLD,21.5.2022,,,still_in_office,LNP
782,,Stephen Bates,Brisbane,QLD,21.5.2022,,3.5.2025,defeated,GRN
783,,Aaron Violi,Casey,Vic,21.5.2022,,,still_in_office,LIB
784,,Carina Garland,Chisholm,Vic,21.5.2022,,,still_in_office,ALP
785,,Alison Byrnes,Cunningham,NSW,21.5.2022,,,still_in_office,ALP
786,,Kate Chaney,Curtin,WA,21.5.2022,,,still_in_office,IND
787,,Andrew Willcox,Dawson,QLD,21.5.2022,,,still_in_office,LNP
788,,Zoe McKenzie,Flinders,Vic,21.5.2022,,,still_in_office,LIB
789,,Colin Boyce,Flynn,QLD,21.5.2022,,,still_in_office,LNP
790,,Dai Le,Fowler,NSW,21.5.2022,,,still_in_office,IND
791,,Zoe Daniel,Goldstein,Vic,21.5.2022,,3.5.2025,defeated,IND
792,,Max Chandler-Mather,Griffith,QLD,21.5.2022,,3.5.2025,defeated,GRN
793,,Tania Lawrence,Hasluck,WA,21.5.2022,,,still_in_office,ALP
794,,Sam Rae,Hawke,Vic,21.5.2022,,,still_in_office,ALP
795,,Michelle Ananda-Rajah,Higgins,Vic,21.5.2022,,3.5.2025,retired,ALP
796,,Cassandra Fernando,Holt,Vic,21.5.2022,,,still_in_office,ALP
797,,Jenny Ware,Hughes,NSW,21.5.2022,,3.5.2025,defeated,LIB
798,,Dan Repacholi,Hunter,NSW,21.5.2022,,,still_in_office,ALP
799,,Monique Ryan,Kooyong,Vic,21.5.2022,,,still_in_office,IND
800,,Marion Scrymgour,Lingiari,NT,21.5.2022,,,still_in_office,ALP
801,,Sophie Scamps,Mackellar,NSW,21.5.2022,,,still_in_office,IND
802,,Keith Wolahan,Menzies,Vic,21.5.2022,,3.5.2025,defeated,LIB
803,,Sam Birrell,Nicholls,Vic,21.5.2022,,,still_in_office,NP
804,,Kylea Jane Tink,North Sydney,NSW,21.5.2022,,3.5.2025,retired,IND
805,,Andrew Charlton,Parramatta,NSW,21.5.2022,,,still_in_office,ALP
806,,Tracey Roberts,Pearce,WA,21.5.2022,,,still_in_office,ALP
807,,Sally Sitou,Reid,NSW,21.5.2022,,,still_in_office,ALP
808,,Gordon Reid,Robertson,NSW,21.5.2022,,,still_in_office,ALP
809,,Elizabeth Watson-Brown,Ryan,QLD,21.5.2022,,,still_in_office,GRN
810,,Matt Burnell,Spence,SA,21.5.2022,,,still_in_office,ALP
811,,Zaneta Mascarenhas,Swan,WA,21.5.2022,,,still_in_office,ALP
812,,Sam Lim,Tangney,WA,21.5.2022,,,still_in_office,ALP
813,,Allegra Spender,Wentworth,NSW,21.5.2022,,,still_in_office,IND
814,,Andrew Wallace,Fisher,QLD,26.7.2022,changed_party,,still_in_office,LNP
815,,Milton Dick,Oxley,Qld,26.7.2022,changed_party,,still_in_office,SPK
816,,Andrew Gee,Calare,NSW,23.12.2022,changed_party,,still_in_office,IND
# New member elected in 2023 Aston by-election,,,,,,,,,
817,,Mary Doyle,Aston,Vic,1.4.2023,,,still_in_office,ALP
# New member elected in 2023 Fadden by-election,,,,,,,,,
818,,Cameron Caldwell,Fadden,Qld,15.7.2023,,,still_in_office,LNP
# Member resigned to become independent,,,,,,,,,
819,,Russell Evan Broadbent,Monash,Vic,14.11.2023,changed_party,3.5.2025,defeated,IND
# New member elected in 2024 Dunkley by-election,,,,,,,,,
820,,Jodie Belyea,Dunkley,Vic,2.3.2024,,,still_in_office,ALP
# New member elected in 2024 Cook by-election,,,,,,,,,
821,,Simon Kennedy,Cook,NSW,13.04.2024,,,still_in_office,LIB
# changed party before 2025 election,,,,,,,,,
822,,Ian Goodenough,Moore,WA,1.1.2025,changed_party,3.5.2025,defeated,IND
# New members elected in 2025 election,,,,,,,,,
823,,Basem Abdo,Calwell,Vic,3.5.2025,,,still_in_office,ALP
824,,Mary Aldred,Monash,Vic,3.5.2025,,,still_in_office,LIB
825,,Ash Ambihaipahar,Barton,NSW,3.5.2025,,,still_in_office,ALP
826,,David Batt,Hinkler,Qld,3.5.2025,,,still_in_office,LNP
827,,Carol Berry,Whitlam,NSW,3.5.2025,,,still_in_office,ALP
828,,Nicolette Boele,Bradfield,NSW,3.5.2025,,,still_in_office,IND
829,,Jo Briskey,Maribyrnong,Vic,3.5.2025,,,still_in_office,ALP
830,,Julie-Ann Campbell,Moreton,Qld,3.5.2025,,,still_in_office,ALP
831,,Jamie Chaffey,Parkes,NSW,3.5.2025,,,still_in_office,NP
832,,Claire Clutterham,Sturt,SA,3.5.2025,,,still_in_office,ALP
833,,Renee Coffey,Griffith,Qld,3.5.2025,,,still_in_office,ALP
834,,Emma Comer,Petrie,Qld,3.5.2025,,,still_in_office,ALP
835,,Kara Cook,Bonner,Qld,3.5.2025,,,still_in_office,ALP
836,,Trish Cook,Bullwinkel,WA,3.5.2025,,,still_in_office,ALP
837,,Ali France,Dickson,Qld,3.5.2025,,,still_in_office,ALP
838,,Tom French,Moore,WA,3.5.2025,,,still_in_office,ALP
839,,Matt Gregg,Deakin,Vic,3.5.2025,,,still_in_office,ALP
840,,Rowan Holzberger,Forde,Qld,3.5.2025,,,still_in_office,ALP
841,,Madonna Jarrett,Brisbane,Qld,3.5.2025,,,still_in_office,ALP
842,,Alice Jordan-Baird,Gorton,Vic,3.5.2025,,,still_in_office,ALP
843,,David Moncrieff,Hughes,NSW,3.5.2025,,,still_in_office,ALP
844,,Gabriel Ng,Menzies,Vic,3.5.2025,,,still_in_office,ALP
845,,Alison Penfold,Lyne,NSW,3.5.2025,,,still_in_office,NP
846,,Leon Rebello,McPherson,Qld,3.5.2025,,,still_in_office,LNP
847,,Matt Smith,Leichhardt,Qld,3.5.2025,,,still_in_office,ALP
848,,Zhi Soon,Banks,NSW,3.5.2025,,,still_in_office,ALP
849,,Jess Teesdale,Bass,Tas,3.5.2025,,,still_in_office,ALP
850,,Tom Venning,Grey,SA,3.5.2025,,,still_in_office,LIB
851,,Rebecca White,Lyons,Tas,3.5.2025,,,still_in_office,ALP
852,,Sarah Witty,Melbourne,Vic,3.5.2025,,,still_in_office,ALP
# Senators elected to House in 2025 election,,,,,,,,,
853,,Ben Small,Forrest,WA,3.5.2025,,,still_in_office,LIB
854,,Anne Urquhart,Braddon,Tas,3.5.2025,,,still_in_office,ALP
# Re-elected in 2025 election,,,,,,,,,
855,,Tim Wilson,Goldstein,Vic,3.5.2025,,,still_in_office,LIB
